name,link_id,from_node_id,to_node_id,facility_type,dir_flag,length,lanes,capacity,free_speed,link_type,cost,geometry,TMC
,0,9,226,,,139.28581994237857,1,nan,-1.60934,1,,"LINESTRING (-111.93039 33.42312,-111.93038 33.42318,-111.93036 33.42322,-111.93035 33.42329,-111.93027 33.42368,-111.93026 33.42375,-111.93025 33.42379,-111.93021 33.42385,-111.93019 33.42387,-111.93014 33.4239,-111.9301 33.42392,-111.92967 33.42407)",
,1,226,9,,,146.1014782357942,1,nan,-1.60934,1,,"LINESTRING (-111.9297 33.42413,-111.93013 33.42398,-111.93018 33.42396,-111.93024 33.42392,-111.93027 33.42388,-111.93032 33.42382,-111.93033 33.42376,-111.93035 33.42369,-111.93043 33.4233,-111.93044 33.42323,-111.93045 33.42319,-111.93046 33.42313)",
,2,158,254,,,110.43656781989174,1,nan,40.2335,1,,"LINESTRING (-111.94127 33.42431,-111.94071 33.42431,-111.94008 33.42431)",
,3,254,158,,,110.4353005058131,1,nan,40.2335,1,,"LINESTRING (-111.94008 33.42438,-111.94071 33.42437,-111.94127 33.42437)",
,4,13,86,,,156.9785138718356,1,nan,40.2335,1,,"LINESTRING (-111.93667 33.42433,-111.93656 33.42433,-111.93623 33.42433,-111.93586 33.42433,-111.93551 33.42433,-111.9354 33.42431,-111.93531 33.4243,-111.9351 33.42431,-111.93498 33.4243)",
,5,86,13,,,157.1777655656064,1,nan,40.2335,1,,"LINESTRING (-111.93498 33.42437,-111.9351 33.42437,-111.93531 33.42436,-111.93539 33.42437,-111.9355 33.4244,-111.93586 33.4244,-111.93623 33.42439,-111.93656 33.42439,-111.93667 33.42439)",
,6,14,238,,,156.12155821469148,1,nan,-1.60934,1,,"LINESTRING (-111.9413 33.42193,-111.94128 33.42132,-111.94128 33.42129,-111.94128 33.42123,-111.94128 33.4212,-111.94127 33.42057,-111.94127 33.42052)",
,7,238,14,,,156.1845839434516,1,nan,-1.60934,1,,"LINESTRING (-111.94119 33.42052,-111.94119 33.42057,-111.9412 33.4212,-111.9412 33.42123,-111.9412 33.42129,-111.94121 33.42133,-111.94122 33.42193)",
,8,20,21,,,335.9811233617786,1,nan,-1.60934,1,,"LINESTRING (-111.93013 33.41041,-111.9297 33.41041,-111.92651 33.41043)",
,9,21,20,,,335.9808328996686,1,nan,-1.60934,1,,"LINESTRING (-111.92651 33.41049,-111.9297 33.41048,-111.93013 33.41048)",
,10,217,22,,,91.20251855207565,1,nan,-1.60934,1,,"LINESTRING (-111.92423 33.41188,-111.9238 33.41187,-111.92367 33.41187,-111.92325 33.41186)",
,11,22,217,,,91.2030537037662,1,nan,-1.60934,1,,"LINESTRING (-111.92325 33.41192,-111.92367 33.41193,-111.9238 33.41193,-111.92423 33.41194)",
,12,23,24,,,126.4456229363941,1,nan,-1.60934,1,,"LINESTRING (-111.9423 33.41362,-111.94231 33.41426,-111.94232 33.41448,-111.94234 33.41465,-111.94235 33.4147,-111.94239 33.41474)",
,13,24,23,,,122.62678303153744,1,nan,-1.60934,1,,"LINESTRING (-111.94245 33.41471,-111.94242 33.41467,-111.94241 33.41464,-111.9424 33.41447,-111.94239 33.41426,-111.94238 33.41361)",
,14,24,25,,,161.20624818895047,1,nan,-1.60934,1,,"LINESTRING (-111.94238 33.41474,-111.9424 33.41478,-111.94241 33.41483,-111.94241 33.41573,-111.94241 33.41579,-111.94241 33.41598,-111.94241 33.41601,-111.94242 33.41616,-111.94242 33.41619)",
,15,25,24,,,163.75984856907297,1,nan,-1.60934,1,,"LINESTRING (-111.94249 33.41619,-111.94249 33.41616,-111.94249 33.41601,-111.94249 33.41598,-111.94249 33.41579,-111.94249 33.41573,-111.94248 33.41482,-111.94248 33.41476,-111.94245 33.41472)",
,16,25,26,,,158.3378518085123,1,nan,-1.60934,1,,"LINESTRING (-111.94242 33.41619,-111.94241 33.4169,-111.94241 33.41701,-111.94241 33.41762)",
,17,26,25,,,158.28028659124806,1,nan,-1.60934,1,,"LINESTRING (-111.94249 33.41762,-111.94249 33.41701,-111.94249 33.4169,-111.94249 33.41619)",
,18,26,27,,,157.84311365530567,1,nan,-1.60934,1,,"LINESTRING (-111.94241 33.41762,-111.94241 33.4177,-111.94241 33.41832,-111.94242 33.4184,-111.94242 33.41894,-111.94241 33.41897,-111.9424 33.419,-111.94236 33.41903)",
,19,27,26,,,162.52975645110587,1,nan,-1.60934,1,,"LINESTRING (-111.94242 33.41907,-111.94246 33.41903,-111.94248 33.41899,-111.9425 33.41894,-111.94249 33.4184,-111.94249 33.41832,-111.94249 33.4177,-111.94249 33.41762)",
,20,27,239,,,155.72813020393906,1,nan,-1.60934,1,,"LINESTRING (-111.94236 33.41903,-111.94233 33.41908,-111.94232 33.41913,-111.94233 33.41961,-111.94233 33.41973,-111.94234 33.42043)",
,21,239,27,,,152.27575844850728,1,nan,-1.60934,1,,"LINESTRING (-111.94241 33.42043,-111.94241 33.41973,-111.9424 33.41961,-111.9424 33.41914,-111.9424 33.4191,-111.94243 33.41906)",
,22,35,36,,,164.6422739328848,1,nan,-1.60934,1,,"LINESTRING (-111.93973 33.41188,-111.93914 33.41189,-111.93796 33.41191)",
,23,36,35,,,164.64115447932045,1,nan,-1.60934,1,,"LINESTRING (-111.93796 33.41198,-111.93914 33.41195,-111.93973 33.41194)",
,24,36,37,,,129.2315614345683,1,nan,-1.60934,1,,"LINESTRING (-111.93796 33.41191,-111.93657 33.41193)",
,25,37,36,,,129.2315614345683,1,nan,-1.60934,1,,"LINESTRING (-111.93657 33.41199,-111.93796 33.41198)",
,26,37,38,,,152.76839890996786,1,nan,-1.60934,1,,"LINESTRING (-111.93657 33.41193,-111.93568 33.41193,-111.93503 33.41195,-111.93493 33.41195)",
,27,38,37,,,152.72362843235678,1,nan,-1.60934,1,,"LINESTRING (-111.93493 33.41201,-111.93503 33.41201,-111.93568 33.412,-111.93657 33.41199)",
,28,38,39,,,394.70716795062634,1,nan,-1.60934,1,,"LINESTRING (-111.93493 33.41195,-111.93483 33.41195,-111.93417 33.41196,-111.93169 33.412,-111.93068 33.41202)",
,29,39,38,,,394.72566844345573,1,nan,-1.60934,1,,"LINESTRING (-111.93069 33.41208,-111.93169 33.41206,-111.93417 33.41202,-111.93483 33.41201,-111.93493 33.41201)",
,30,41,164,,,62.93596184794337,1,nan,-1.60934,1,,"LINESTRING (-111.921 33.41288,-111.92099 33.41243,-111.92099 33.41231)",
,31,164,41,,,62.93510516141459,1,nan,-1.60934,1,,"LINESTRING (-111.92091 33.41231,-111.92091 33.41243,-111.92093 33.41288)",
,32,164,163,,,69.1287452270846,1,nan,-1.60934,1,,"LINESTRING (-111.92099 33.41231,-111.92098 33.41169)",
,33,163,164,,,69.1287452270846,1,nan,-1.60934,1,,"LINESTRING (-111.9209 33.41169,-111.92091 33.41231)",
,34,163,42,,,37.50678780946406,1,nan,-1.60934,1,,"LINESTRING (-111.92098 33.41169,-111.92098 33.41135)",
,35,42,163,,,37.50678780946406,1,nan,-1.60934,1,,"LINESTRING (-111.92091 33.41135,-111.9209 33.41169)",
,36,43,44,,,77.33432689886945,1,nan,-1.60934,1,,"LINESTRING (-111.92842 33.40974,-111.92842 33.40939,-111.92841 33.40905)",
,37,44,43,,,77.33377357375845,1,nan,-1.60934,1,,"LINESTRING (-111.92834 33.40905,-111.92834 33.40939,-111.92835 33.40975)",
,38,248,87,,,168.40257989893675,2,nan,-1.60934,1,,"LINESTRING (-111.93959 33.41597,-111.93954 33.4159,-111.9394 33.41573,-111.93924 33.41555,-111.93893 33.4153,-111.93882 33.41521,-111.93867 33.41511,-111.9383 33.41493)",
,39,87,46,,,92.4052503254144,2,nan,-1.60934,1,,"LINESTRING (-111.9383 33.41493,-111.9381 33.41484,-111.93782 33.41475,-111.93758 33.41469,-111.93737 33.41465)",
,42,243,242,,,159.1906208289076,3,nan,48.2802,1,,"LINESTRING (-111.94008 33.42193,-111.94009 33.42178,-111.94008 33.42142,-111.94007 33.42126,-111.94006 33.42092,-111.94005 33.42057,-111.94005 33.42049)",
,43,251,15,,,112.3896293210286,1,nan,-1.60934,1,,"LINESTRING (-111.94003 33.41909,-111.94011 33.41909,-111.94031 33.41909,-111.94046 33.41908,-111.94049 33.41908,-111.9406 33.41908,-111.94124 33.41908)",
,44,15,251,,,112.52508808220111,1,nan,-1.60934,1,,"LINESTRING (-111.94124 33.41902,-111.9406 33.41902,-111.94049 33.41902,-111.94046 33.41902,-111.94031 33.41902,-111.94011 33.41902,-111.94003 33.41902)",
,45,15,27,,,107.60952251564143,1,nan,-1.60934,1,,"LINESTRING (-111.94124 33.41908,-111.94178 33.41908,-111.94184 33.41908,-111.94239 33.41908)",
,46,27,15,,,107.53351001218988,1,nan,-1.60934,1,,"LINESTRING (-111.94239 33.41902,-111.94184 33.41902,-111.94178 33.41902,-111.94124 33.41902)",
,47,27,4,,,173.95550164427914,1,nan,-1.60934,1,,"LINESTRING (-111.9424 33.41908,-111.94325 33.41907,-111.94331 33.41907,-111.94338 33.41906,-111.94344 33.41904,-111.94349 33.41903,-111.94358 33.419,-111.94364 33.41898,-111.94367 33.41897,-111.94369 33.41897,-111.94376 33.41896,-111.94382 33.41895,-111.94388 33.41895,-111.94425 33.41895)",
,48,4,27,,,173.98240360436031,1,nan,-1.60934,1,,"LINESTRING (-111.94424 33.41889,-111.94388 33.41889,-111.94381 33.41889,-111.94375 33.4189,-111.94368 33.41891,-111.94365 33.41891,-111.94361 33.41892,-111.94355 33.41894,-111.94346 33.41897,-111.94342 33.41898,-111.94336 33.419,-111.9433 33.419,-111.94325 33.41901,-111.94239 33.41902)",
,49,94,7,,,34.66362868599807,1,nan,-1.60934,1,,"LINESTRING (-111.94393 33.41105,-111.9443 33.41105)",
,50,7,94,,,34.66362868599807,1,nan,-1.60934,1,,"LINESTRING (-111.9443 33.41099,-111.94393 33.41099)",
,51,58,23,,,227.5398325932399,1,nan,-1.60934,1,,"LINESTRING (-111.93989 33.41366,-111.94046 33.41366,-111.9413 33.41365,-111.94217 33.41365,-111.94234 33.41365)",
,52,23,58,,,227.53780163280433,1,nan,-1.60934,1,,"LINESTRING (-111.94234 33.41358,-111.94217 33.41358,-111.9413 33.41359,-111.94046 33.41359,-111.93989 33.4136)",
,53,23,60,,,27.322423203770008,1,nan,-1.60934,1,,"LINESTRING (-111.94234 33.41365,-111.94263 33.41364)",
,54,60,23,,,27.322423203770008,1,nan,-1.60934,1,,"LINESTRING (-111.94263 33.41358,-111.94234 33.41358)",
,55,62,115,,,154.17375151421095,1,nan,-1.60934,1,,"LINESTRING (-111.92203 33.41289,-111.92204 33.41162,-111.92213 33.41153)",
,56,115,62,,,159.3269487990299,1,nan,-1.60934,1,,"LINESTRING (-111.92208 33.41149,-111.92196 33.4116,-111.92195 33.41289)",
,57,256,257,,,137.94091312926838,2,nan,56.3269,1,,"LINESTRING (-111.93815 33.4219,-111.93806 33.4219,-111.93676 33.4219,-111.93666 33.4219)",
,58,257,64,,,159.30970835187864,2,nan,56.3269,1,,"LINESTRING (-111.93666 33.4219,-111.93656 33.4219,-111.93585 33.4219,-111.93565 33.4219,-111.93526 33.4219,-111.93506 33.4219,-111.93497 33.42195)",
,59,143,250,,,42.86185733678998,1,nan,-1.60934,1,,"LINESTRING (-111.9395 33.42741,-111.93972 33.42741,-111.93984 33.42742,-111.93988 33.42742,-111.93996 33.42742)",
,60,250,143,,,42.927193239085966,1,nan,-1.60934,1,,"LINESTRING (-111.93996 33.42735,-111.93988 33.42735,-111.93984 33.42735,-111.93972 33.42735,-111.9395 33.42735)",
,61,19,174,,,69.39469387082158,1,nan,40.2335,1,,"LINESTRING (-111.93601 33.40947,-111.93549 33.40952,-111.93527 33.40955)",
,62,174,19,,,69.03014440374197,1,nan,40.2335,1,,"LINESTRING (-111.93528 33.40961,-111.9355 33.40958,-111.93602 33.40954)",
,63,169,66,,,138.39050925049708,1,nan,48.2802,1,,"LINESTRING (-111.93816 33.42546,-111.93803 33.42546,-111.93677 33.42547,-111.93667 33.42547)",
,64,66,169,,,138.38631194954232,1,nan,48.2802,1,,"LINESTRING (-111.93667 33.42553,-111.93677 33.42553,-111.93803 33.42553,-111.93816 33.42553)",
,65,72,73,,,198.80561161403287,1,nan,-1.60934,1,,"LINESTRING (-111.93707 33.4135,-111.93504 33.41352,-111.93493 33.41352)",
,66,73,72,,,198.8035388569764,1,nan,-1.60934,1,,"LINESTRING (-111.93493 33.41358,-111.93504 33.41358,-111.93707 33.41356)",
,67,20,69,,,78.64232093346882,1,nan,-1.60934,1,,"LINESTRING (-111.93016 33.41044,-111.93015 33.40973)",
,68,69,20,,,78.64232093346882,1,nan,-1.60934,1,,"LINESTRING (-111.93008 33.40974,-111.93009 33.41044)",
,69,69,68,,,43.68200983963092,1,nan,-1.60934,1,,"LINESTRING (-111.93015 33.40973,-111.93015 33.40934)",
,70,68,69,,,43.68200983963092,1,nan,-1.60934,1,,"LINESTRING (-111.93008 33.40934,-111.93008 33.40974)",
,71,75,76,,,178.0765560192703,1,nan,-1.60934,1,,"LINESTRING (-111.91944 33.41287,-111.91944 33.41126)",
,72,76,75,,,178.0765560192703,1,nan,-1.60934,1,,"LINESTRING (-111.91936 33.41126,-111.91937 33.41287)",
,73,212,213,,,31.80351223033977,1,nan,-1.60934,1,,"LINESTRING (-111.93392 33.40959,-111.93389 33.40956,-111.93388 33.40954,-111.93388 33.40931)",
,74,213,212,,,36.674677304616644,1,nan,-1.60934,1,,"LINESTRING (-111.9338 33.40931,-111.93381 33.40955,-111.93383 33.4096,-111.93386 33.40963)",
,75,77,92,,,168.99977285230122,1,nan,-1.60934,1,,"LINESTRING (-111.92035 33.41288,-111.92033 33.41135)",
,76,92,77,,,168.99977285230122,1,nan,-1.60934,1,,"LINESTRING (-111.92025 33.41135,-111.92028 33.41288)",
,77,78,162,,,198.11849227465163,1,nan,-1.60934,1,,"LINESTRING (-111.92263 33.41289,-111.92261 33.41117,-111.92261 33.41111)",
,78,162,78,,,198.0908876388386,1,nan,-1.60934,1,,"LINESTRING (-111.92254 33.41111,-111.92254 33.41117,-111.92255 33.41289)",
,79,208,209,,,141.63573153028645,1,nan,24.1401,1,,"LINESTRING (-111.93669 33.41748,-111.93669 33.41738,-111.93667 33.41641,-111.93667 33.41628,-111.93667 33.41621)",
,80,209,208,,,141.6545260317009,1,nan,24.1401,1,,"LINESTRING (-111.93659 33.41621,-111.93659 33.41628,-111.93659 33.41641,-111.93662 33.41739,-111.93662 33.41748)",
,81,209,249,,,161.99530094271552,1,nan,24.1401,1,,"LINESTRING (-111.93667 33.41621,-111.93666 33.41613,-111.93666 33.41595,-111.93665 33.41542,-111.93665 33.41515,-111.93665 33.41508,-111.93665 33.41492,-111.93665 33.41481,-111.93665 33.41474)",
,82,249,209,,,162.25078285395492,1,nan,24.1401,1,,"LINESTRING (-111.93657 33.41474,-111.93657 33.41481,-111.93657 33.41492,-111.93657 33.41508,-111.93657 33.41515,-111.93658 33.41542,-111.93659 33.41595,-111.93659 33.41613,-111.93659 33.41621)",
,83,72,90,,,110.42036762612261,1,nan,-1.60934,1,,"LINESTRING (-111.93703 33.41353,-111.93704 33.41403,-111.93706 33.41453)",
,84,90,72,,,110.19706213645244,1,nan,-1.60934,1,,"LINESTRING (-111.93713 33.41452,-111.93711 33.41403,-111.93711 33.41353)",
,85,32,80,,,282.35458993490596,1,nan,-1.60934,1,,"LINESTRING (-111.9263 33.41285,-111.92614 33.41285,-111.92612 33.41285,-111.92534 33.41285,-111.92517 33.41285,-111.92397 33.41286,-111.92386 33.41286,-111.92326 33.41286)",
,86,80,32,,,282.30211778058407,1,nan,-1.60934,1,,"LINESTRING (-111.92326 33.41293,-111.92386 33.41292,-111.92397 33.41292,-111.92517 33.41291,-111.92534 33.41291,-111.92612 33.41291,-111.92614 33.41291,-111.9263 33.41291)",
,87,80,78,,,62.263089891885585,1,nan,-1.60934,1,,"LINESTRING (-111.92326 33.41286,-111.92287 33.41286,-111.92259 33.41286)",
,88,78,80,,,62.216914180234724,1,nan,-1.60934,1,,"LINESTRING (-111.92259 33.41293,-111.92287 33.41293,-111.92326 33.41293)",
,89,78,62,,,55.87066953688145,1,nan,-1.60934,1,,"LINESTRING (-111.92259 33.41286,-111.92207 33.41286,-111.92199 33.41286)",
,90,62,78,,,55.87064932392175,1,nan,-1.60934,1,,"LINESTRING (-111.92199 33.41293,-111.92207 33.41293,-111.92259 33.41293)",
,91,62,222,,,84.18423760893651,1,nan,-1.60934,1,,"LINESTRING (-111.92199 33.41286,-111.92182 33.41286,-111.92153 33.41286,-111.92109 33.41285)",
,92,222,62,,,84.34923488353533,1,nan,-1.60934,1,,"LINESTRING (-111.92108 33.41291,-111.92153 33.41292,-111.92182 33.41293,-111.92199 33.41293)",
,93,222,41,,,11.086208793581907,1,nan,-1.60934,1,,"LINESTRING (-111.92109 33.41285,-111.92097 33.41285)",
,94,41,222,,,11.086208793581907,1,nan,-1.60934,1,,"LINESTRING (-111.92096 33.41291,-111.92108 33.41291)",
,95,41,40,,,49.95140643125495,1,nan,-1.60934,1,,"LINESTRING (-111.92096 33.41285,-111.92043 33.41285)",
,96,40,41,,,49.95140643125495,1,nan,-1.60934,1,,"LINESTRING (-111.92043 33.41291,-111.92097 33.41291)",
,97,40,77,,,10.499749025002574,1,nan,-1.60934,1,,"LINESTRING (-111.92043 33.41285,-111.92032 33.41285)",
,98,77,40,,,10.499749025002574,1,nan,-1.60934,1,,"LINESTRING (-111.92031 33.41291,-111.92043 33.41291)",
,99,77,75,,,84.53015466332619,1,nan,-1.60934,1,,"LINESTRING (-111.92032 33.41285,-111.91941 33.41284)",
,100,75,77,,,84.53015466332619,1,nan,-1.60934,1,,"LINESTRING (-111.91941 33.4129,-111.92032 33.41291)",
,101,81,251,,,161.43966119379544,1,nan,-1.60934,1,,"LINESTRING (-111.93812 33.41911,-111.93879 33.4191,-111.93948 33.41909,-111.93961 33.41909,-111.93981 33.41909,-111.93985 33.41909)",
,102,251,81,,,161.44496940098614,1,nan,-1.60934,1,,"LINESTRING (-111.93985 33.41903,-111.93981 33.41903,-111.93961 33.41902,-111.93948 33.41903,-111.93879 33.41904,-111.93812 33.41905)",
,105,80,22,,,111.20573385368942,1,nan,-1.60934,1,,"LINESTRING (-111.9233 33.41289,-111.92329 33.41247,-111.92329 33.41189)",
,106,22,80,,,111.2224570124207,1,nan,-1.60934,1,,"LINESTRING (-111.92321 33.41189,-111.92322 33.41247,-111.92322 33.41289)",
,107,22,116,,,74.42112910439738,1,nan,-1.60934,1,,"LINESTRING (-111.92329 33.41189,-111.92329 33.41136,-111.92329 33.41122)",
,108,116,22,,,74.61953274909126,1,nan,-1.60934,1,,"LINESTRING (-111.92322 33.41122,-111.92321 33.41136,-111.92321 33.41189)",
,109,44,61,,,172.39120426121008,1,nan,-1.60934,1,,"LINESTRING (-111.92837 33.40902,-111.92652 33.40902)",
,110,61,44,,,172.39120426121008,1,nan,-1.60934,1,,"LINESTRING (-111.92652 33.40909,-111.92837 33.40908)",
,111,256,170,,,152.49584019079583,1,nan,-1.60934,1,,"LINESTRING (-111.93818 33.4219,-111.93818 33.42183,-111.93818 33.42182,-111.93817 33.42133,-111.93817 33.42122,-111.93816 33.42052)",
,112,170,256,,,152.5611627114965,1,nan,-1.60934,1,,"LINESTRING (-111.93808 33.42052,-111.9381 33.42122,-111.9381 33.42133,-111.93811 33.42182,-111.93811 33.42183,-111.93811 33.4219)",
,113,170,81,,,160.04859985154286,1,nan,-1.60934,1,,"LINESTRING (-111.93816 33.42052,-111.93815 33.4203,-111.93815 33.41968,-111.93816 33.41913,-111.93816 33.41908)",
,114,81,170,,,160.16470417457865,1,nan,-1.60934,1,,"LINESTRING (-111.93808 33.41908,-111.93808 33.41913,-111.93808 33.41968,-111.93808 33.4203,-111.93808 33.42052)",
,115,67,86,,,123.76839943335713,1,nan,-1.60934,1,,"LINESTRING (-111.93496 33.42545,-111.93501 33.42528,-111.93502 33.42485,-111.93502 33.4244,-111.93502 33.42433)",
,116,86,67,,,122.19883273478229,1,nan,-1.60934,1,,"LINESTRING (-111.93494 33.42433,-111.93494 33.4244,-111.93495 33.42484,-111.93493 33.42527,-111.93489 33.42543)",
,117,86,83,,,124.42726508435457,1,nan,-1.60934,1,,"LINESTRING (-111.93502 33.42434,-111.93502 33.42426,-111.93503 33.42349,-111.93503 33.42338,-111.93503 33.42334,-111.93503 33.4233,-111.93503 33.42321)",
,118,83,86,,,124.23676292685236,1,nan,-1.60934,1,,"LINESTRING (-111.93495 33.42321,-111.93495 33.4233,-111.93495 33.42334,-111.93495 33.42338,-111.93495 33.42349,-111.93494 33.42426,-111.93494 33.42433)",
,119,83,64,,,140.1126172319546,1,nan,-1.60934,1,,"LINESTRING (-111.93503 33.42321,-111.93503 33.42315,-111.93501 33.42261,-111.935 33.42207,-111.935 33.42195)",
,120,64,83,,,140.29331316281858,1,nan,-1.60934,1,,"LINESTRING (-111.93493 33.42195,-111.93493 33.42207,-111.93494 33.42261,-111.93495 33.42315,-111.93495 33.42321)",
,121,57,17,,,112.98015692613723,1,nan,-1.60934,1,,"LINESTRING (-111.93999 33.41624,-111.94058 33.41623,-111.9412 33.41624)",
,122,17,57,,,113.06423280496833,1,nan,-1.60934,1,,"LINESTRING (-111.94121 33.41617,-111.94058 33.41617,-111.93999 33.41617)",
,123,17,25,,,115.97374524272851,1,nan,-1.60934,1,,"LINESTRING (-111.94121 33.41624,-111.94182 33.41622,-111.94245 33.41622)",
,124,25,17,,,116.08044585958118,1,nan,-1.60934,1,,"LINESTRING (-111.94245 33.41616,-111.94182 33.41616,-111.9412 33.41617)",
,125,118,209,,,41.35533276427344,1,nan,-1.60934,1,,"LINESTRING (-111.93707 33.41621,-111.93698 33.4162,-111.93689 33.41619,-111.93671 33.41618,-111.93663 33.41617)",
,126,209,118,,,40.75294326706619,1,nan,-1.60934,1,,"LINESTRING (-111.93663 33.41624,-111.93671 33.41624,-111.93688 33.41625,-111.93697 33.41626,-111.93706 33.41627)",
,127,70,215,,,97.36845965319341,1,nan,-1.60934,1,,"LINESTRING (-111.92892 33.42024,-111.92881 33.42024,-111.9288 33.42024,-111.92802 33.42024,-111.92787 33.42024)",
,128,215,70,,,97.58147014275914,1,nan,-1.60934,1,,"LINESTRING (-111.92787 33.4203,-111.92802 33.4203,-111.9288 33.4203,-111.92881 33.4203,-111.92892 33.4203)",
,130,246,183,,,63.69444595546351,1,nan,-1.60934,1,,"LINESTRING (-111.93985 33.41471,-111.93977 33.41471,-111.93975 33.41471,-111.93917 33.41472)",
,131,183,46,,,167.749753392865,1,nan,-1.60934,1,,"LINESTRING (-111.93917 33.41472,-111.9391 33.41472,-111.93895 33.41471,-111.93868 33.41467,-111.93848 33.41466,-111.93805 33.41465,-111.93762 33.41465,-111.93746 33.41465,-111.93737 33.41465)",
,134,252,82,,,168.18917956785396,1,nan,40.2335,1,,"LINESTRING (-111.93997 33.42316,-111.93985 33.42316,-111.93941 33.42316,-111.93869 33.42316,-111.93868 33.42316,-111.93822 33.42316,-111.93816 33.42316)",
,135,82,252,,,168.16724894362912,1,nan,40.2335,1,,"LINESTRING (-111.93816 33.42322,-111.93822 33.42322,-111.93868 33.42322,-111.93869 33.42322,-111.93941 33.42322,-111.93985 33.42322,-111.93997 33.42322)",
,136,82,79,,,138.0574385439827,1,nan,40.2335,1,,"LINESTRING (-111.93816 33.42316,-111.93806 33.42316,-111.93755 33.42317,-111.93702 33.42317,-111.93676 33.42317,-111.93667 33.42317)",
,137,79,82,,,138.0553636702812,1,nan,40.2335,1,,"LINESTRING (-111.93668 33.42324,-111.93676 33.42324,-111.93702 33.42323,-111.93755 33.42323,-111.93806 33.42322,-111.93816 33.42322)",
,138,79,83,,,156.62623194403295,1,nan,40.2335,1,,"LINESTRING (-111.93667 33.42317,-111.93656 33.42317,-111.93622 33.42318,-111.93567 33.42318,-111.93548 33.42318,-111.93512 33.42318,-111.93499 33.42318)",
,139,83,79,,,156.62210515050765,1,nan,40.2335,1,,"LINESTRING (-111.93499 33.42324,-111.93512 33.42324,-111.93548 33.42324,-111.93567 33.42324,-111.93622 33.42324,-111.93656 33.42324,-111.93667 33.42324)",
,140,56,16,,,110.91259581436591,1,nan,40.2335,1,,"LINESTRING (-111.94004 33.41766,-111.94051 33.41765,-111.94059 33.41765,-111.94123 33.41765)",
,141,16,56,,,111.09241630981802,1,nan,40.2335,1,,"LINESTRING (-111.94123 33.41759,-111.94059 33.41758,-111.94051 33.41759,-111.94004 33.41759)",
,142,16,26,,,113.6489408190158,1,nan,40.2335,1,,"LINESTRING (-111.94123 33.41765,-111.94183 33.41765,-111.94245 33.41765)",
,143,26,16,,,113.67112947806888,1,nan,40.2335,1,,"LINESTRING (-111.94245 33.41759,-111.94183 33.41759,-111.94123 33.41759)",
,145,246,122,,,8.442613604397513,3,nan,-1.60934,1,,"LINESTRING (-111.93996 33.41471,-111.93991 33.41465)",
,146,126,246,,,80.38974718181933,1,nan,-1.60934,1,,"LINESTRING (-111.94083 33.41475,-111.9407 33.41472,-111.94056 33.41472,-111.94046 33.41472,-111.94033 33.41471,-111.94009 33.41471,-111.93996 33.41471)",
,147,132,87,,,15.885958419236264,1,nan,-1.60934,1,,"LINESTRING (-111.93815 33.415,-111.93818 33.41499,-111.93827 33.41494,-111.9383 33.41493)",
,148,87,246,,,148.64748925206334,1,nan,-1.60934,1,,"LINESTRING (-111.9383 33.41493,-111.93834 33.4149,-111.93842 33.41484,-111.93853 33.41481,-111.93869 33.41479,-111.93898 33.41479,-111.93913 33.4148,-111.93976 33.41478,-111.93978 33.41478,-111.93985 33.41478)",
,150,85,89,,,13.096378732049779,1,nan,24.1401,1,,"LINESTRING (-111.93397 33.41832,-111.93384 33.4183)",
,151,89,85,,,13.096378732049779,1,nan,24.1401,1,,"LINESTRING (-111.93382 33.41836,-111.93396 33.41839)",
,152,89,191,,,226.0682094945042,1,nan,24.1401,1,,"LINESTRING (-111.93383 33.4183,-111.93342 33.4183,-111.93331 33.4183,-111.93289 33.4183,-111.93272 33.41831,-111.93174 33.41832,-111.93167 33.41833,-111.9314 33.41833)",
,153,191,89,,,225.91880697505366,1,nan,24.1401,1,,"LINESTRING (-111.9314 33.4184,-111.93167 33.41839,-111.93174 33.41839,-111.93272 33.41837,-111.93289 33.41837,-111.93331 33.41836,-111.93342 33.41836,-111.93383 33.41836)",
,154,191,207,,,236.8205408532772,1,nan,24.1401,1,,"LINESTRING (-111.9314 33.41833,-111.93108 33.41834,-111.93008 33.41837,-111.92894 33.4184,-111.92885 33.41841)",
,155,207,191,,,236.50964323057815,1,nan,24.1401,1,,"LINESTRING (-111.92886 33.41847,-111.92895 33.41846,-111.93008 33.41843,-111.93108 33.4184,-111.9314 33.4184)",
,156,40,106,,,202.26446528603373,1,nan,-1.60934,1,,"LINESTRING (-111.92039 33.41288,-111.9204 33.41335,-111.9204 33.41366,-111.92041 33.41441,-111.92041 33.41462,-111.92041 33.41471)",
,157,106,40,,,202.2644112715553,1,nan,-1.60934,1,,"LINESTRING (-111.92049 33.41471,-111.92049 33.41462,-111.92048 33.41441,-111.92047 33.41366,-111.92047 33.41335,-111.92047 33.41288)",
,158,110,96,,,14.832550849361986,2,nan,56.3269,1,,"LINESTRING (-111.92039 33.41489,-111.92055 33.41487)",
,159,96,167,,,142.91701374542833,2,nan,56.3269,1,,"LINESTRING (-111.92055 33.41487,-111.9207 33.41486,-111.92095 33.41485,-111.92162 33.41482,-111.92198 33.41482,-111.92208 33.41482)",
,160,245,193,,,101.10363383960627,2,nan,56.3269,1,,"LINESTRING (-111.92629 33.41469,-111.92611 33.4147,-111.92608 33.4147,-111.92536 33.4147,-111.92521 33.41471)",
,161,193,195,,,57.98615253854125,2,nan,56.3269,1,,"LINESTRING (-111.92521 33.41471,-111.92514 33.41471,-111.92458 33.41472)",
,162,104,112,,,346.21764660634267,1,nan,40.2335,1,,"LINESTRING (-111.93069 33.41467,-111.93071 33.41409,-111.93071 33.41408,-111.93069 33.41397,-111.93067 33.41381,-111.93065 33.41364,-111.93063 33.41342,-111.93058 33.41155)",
,163,112,104,,,345.86164947499526,1,nan,40.2335,1,,"LINESTRING (-111.93051 33.41155,-111.93055 33.41342,-111.93057 33.41364,-111.93059 33.41382,-111.93062 33.41398,-111.93064 33.41409,-111.93064 33.41409,-111.93061 33.41466)",
,164,111,107,,,508.11977870229583,1,nan,-1.60934,1,,"LINESTRING (-111.92628 33.42009,-111.92614 33.41996,-111.92609 33.41992,-111.92573 33.41961,-111.92543 33.41934,-111.92529 33.41922,-111.92527 33.4192,-111.9252 33.41914,-111.92436 33.4184,-111.92433 33.41837,-111.92426 33.41832,-111.92393 33.41802,-111.92329 33.41744,-111.92265 33.41686,-111.92253 33.41675)",
,165,110,108,,,275.49167947494504,1,nan,40.2335,1,,"LINESTRING (-111.92039 33.41489,-111.92039 33.41495,-111.92041 33.41501,-111.92053 33.41512,-111.92065 33.41524,-111.92072 33.41529,-111.92223 33.41667,-111.92231 33.41675)",
,166,108,109,,,118.41754165919303,1,nan,40.2335,1,,"LINESTRING (-111.92231 33.41675,-111.92247 33.41689,-111.92259 33.417,-111.92318 33.41753)",
,167,50,33,,,291.6857045423713,1,nan,-1.60934,1,,"LINESTRING (-111.9294 33.41661,-111.92927 33.41661,-111.92919 33.41661,-111.92897 33.4166,-111.92875 33.4166,-111.92794 33.41659,-111.92749 33.41659,-111.92728 33.41663,-111.92718 33.41665,-111.92713 33.41667,-111.92685 33.41676,-111.92647 33.41681,-111.92631 33.41682)",
,168,33,50,,,291.3016254349199,1,nan,-1.60934,1,,"LINESTRING (-111.92631 33.41688,-111.92647 33.41687,-111.92687 33.41682,-111.92715 33.41673,-111.9272 33.41671,-111.9273 33.41669,-111.9275 33.41665,-111.92794 33.41665,-111.92875 33.41666,-111.92897 33.41667,-111.92918 33.41667,-111.92927 33.41668,-111.9294 33.41668)",
,169,33,107,,,351.5722502927142,1,nan,-1.60934,1,,"LINESTRING (-111.92631 33.41682,-111.92615 33.41679,-111.92613 33.41679,-111.92601 33.41679,-111.92578 33.41679,-111.92561 33.41678,-111.92542 33.41678,-111.92533 33.41678,-111.9249 33.41677,-111.92479 33.41677,-111.92472 33.41677,-111.92451 33.41677,-111.92434 33.41676,-111.92402 33.41676,-111.92347 33.41675,-111.92327 33.41674,-111.92308 33.41674,-111.92267 33.41673,-111.92262 33.41673,-111.92254 33.41672)",
,170,107,33,,,350.5986832179603,1,nan,-1.60934,1,,"LINESTRING (-111.92253 33.41679,-111.92262 33.41679,-111.92267 33.41679,-111.92308 33.4168,-111.92327 33.41681,-111.92347 33.41681,-111.92402 33.41682,-111.92434 33.41683,-111.9245 33.41683,-111.92472 33.41683,-111.92479 33.41683,-111.9249 33.41684,-111.92533 33.41684,-111.92542 33.41684,-111.9256 33.41685,-111.92578 33.41685,-111.92601 33.41685,-111.92613 33.41686,-111.92614 33.41686,-111.9263 33.41688)",
,171,107,108,,,20.844450932869997,1,nan,-1.60934,1,,"LINESTRING (-111.92254 33.41672,-111.92247 33.41672,-111.9224 33.41672,-111.92231 33.41672)",
,172,108,107,,,20.839427196890362,1,nan,-1.60934,1,,"LINESTRING (-111.92231 33.41678,-111.9224 33.41678,-111.92247 33.41678,-111.92253 33.41679)",
,173,108,51,,,160.36873472958916,1,nan,-1.60934,1,,"LINESTRING (-111.92231 33.41672,-111.92224 33.41671,-111.92168 33.4167,-111.92146 33.4167,-111.92102 33.41669,-111.92066 33.41668,-111.92059 33.41668)",
,174,51,108,,,160.26820143027197,1,nan,-1.60934,1,,"LINESTRING (-111.92059 33.41674,-111.92066 33.41674,-111.92102 33.41675,-111.92146 33.41676,-111.92168 33.41677,-111.92224 33.41678,-111.92231 33.41678)",
,175,71,39,,,168.40451350189707,1,nan,-1.60934,1,,"LINESTRING (-111.93074 33.41356,-111.93072 33.4135,-111.93071 33.41308,-111.93071 33.41304,-111.93071 33.41301,-111.93072 33.41205)",
,176,39,71,,,170.189571516759,1,nan,-1.60934,1,,"LINESTRING (-111.93065 33.41205,-111.93064 33.41301,-111.93064 33.41304,-111.93064 33.41308,-111.93065 33.41351,-111.93067 33.41358)",
,177,216,114,,,198.03270991312286,1,nan,-1.60934,1,,"LINESTRING (-111.92286 33.42203,-111.92286 33.42213,-111.92286 33.42243,-111.92286 33.42273,-111.92286 33.42305,-111.92286 33.42365,-111.92286 33.42381)",
,178,114,216,,,198.03101671565025,1,nan,-1.60934,1,,"LINESTRING (-111.92294 33.42381,-111.92294 33.42365,-111.92294 33.42305,-111.92293 33.42273,-111.92293 33.42243,-111.92293 33.42213,-111.92293 33.42203)",
,179,210,136,,,296.78966058962595,1,nan,24.1401,1,,"LINESTRING (-111.93665 33.41765,-111.93676 33.41765,-111.93814 33.41764,-111.93822 33.41763,-111.93979 33.41762,-111.93985 33.41762)",
,180,209,205,,,157.52359183074452,1,nan,24.1401,1,,"LINESTRING (-111.93663 33.41617,-111.9365 33.41617,-111.93636 33.41616,-111.93628 33.41615,-111.93624 33.41615,-111.93592 33.41606,-111.93524 33.41607,-111.93505 33.41607,-111.93495 33.41607)",
,181,205,209,,,157.04826019592295,1,nan,24.1401,1,,"LINESTRING (-111.93495 33.41613,-111.93505 33.41613,-111.93524 33.41613,-111.93591 33.41613,-111.93623 33.41621,-111.93627 33.41622,-111.93635 33.41622,-111.9365 33.41623,-111.93662 33.41624)",
,182,205,84,,,155.7452039238461,1,nan,24.1401,1,,"LINESTRING (-111.93495 33.41607,-111.93485 33.41607,-111.93424 33.41606,-111.93394 33.41606,-111.93344 33.41606,-111.93338 33.41606,-111.93328 33.41606)",
,183,84,205,,,155.74716488063746,1,nan,24.1401,1,,"LINESTRING (-111.93328 33.41612,-111.93338 33.41612,-111.93344 33.41612,-111.93394 33.41612,-111.93424 33.41613,-111.93485 33.41613,-111.93495 33.41613)",
,184,126,18,,,33.83221157728518,1,nan,40.2335,1,,"LINESTRING (-111.94083 33.41478,-111.94098 33.41478,-111.94119 33.41478)",
,185,18,126,,,33.87405840452074,1,nan,40.2335,1,,"LINESTRING (-111.94119 33.41471,-111.94098 33.41471,-111.94083 33.41471)",
,186,18,24,,,114.32046413506252,1,nan,40.2335,1,,"LINESTRING (-111.94119 33.41478,-111.94182 33.41477,-111.94242 33.41476)",
,187,24,18,,,114.317281765962,1,nan,40.2335,1,,"LINESTRING (-111.94242 33.4147,-111.94182 33.4147,-111.94119 33.41471)",
,188,24,5,,,171.1984893054752,1,nan,40.2335,1,,"LINESTRING (-111.94242 33.41476,-111.94317 33.41476,-111.94354 33.41476,-111.94359 33.41475,-111.94365 33.41475,-111.94389 33.41471,-111.94416 33.41467,-111.9442 33.41467,-111.94425 33.41467)",
,189,5,24,,,170.60966514075272,1,nan,40.2335,1,,"LINESTRING (-111.94424 33.4146,-111.9442 33.41461,-111.94415 33.41461,-111.94388 33.41464,-111.94364 33.41468,-111.94358 33.41469,-111.94354 33.41469,-111.94317 33.41469,-111.94242 33.4147)",
,190,5,6,,,3.646362476060119,1,nan,40.2335,1,,"LINESTRING (-111.94425 33.41467,-111.94429 33.41467)",
,191,6,5,,,3.646362476060119,1,nan,40.2335,1,,"LINESTRING (-111.94429 33.4146,-111.94425 33.4146)",
,192,246,126,,,80.31851245351427,1,nan,-1.60934,1,,"LINESTRING (-111.93996 33.41478,-111.94008 33.41479,-111.94009 33.41479,-111.94034 33.41479,-111.94045 33.41477,-111.94046 33.41477,-111.94056 33.41477,-111.94072 33.41476,-111.94083 33.41475)",
,193,66,13,,,126.44438697381644,1,nan,40.2335,1,,"LINESTRING (-111.93671 33.4255,-111.93671 33.42539,-111.93671 33.42538,-111.93671 33.42485,-111.93671 33.42447,-111.9367 33.42436)",
,194,13,66,,,126.360981168932,1,nan,40.2335,1,,"LINESTRING (-111.93663 33.42436,-111.93663 33.42447,-111.93663 33.42485,-111.93663 33.42538,-111.93663 33.42539,-111.93663 33.4255)",
,195,13,79,,,127.86601638150749,1,nan,40.2335,1,,"LINESTRING (-111.9367 33.42436,-111.9367 33.42424,-111.93671 33.42378,-111.93671 33.42332,-111.93671 33.42321)",
,196,79,13,,,127.86632197620713,1,nan,40.2335,1,,"LINESTRING (-111.93664 33.42321,-111.93664 33.42332,-111.93663 33.42378,-111.93663 33.42424,-111.93663 33.42436)",
,197,79,257,,,134.67713410316327,1,nan,40.2335,1,,"LINESTRING (-111.93671 33.42321,-111.93671 33.42309,-111.93671 33.4226,-111.9367 33.42246,-111.9367 33.42243,-111.9367 33.42206,-111.9367 33.42199)",
,198,257,79,,,134.6750548147981,1,nan,40.2335,1,,"LINESTRING (-111.93662 33.42199,-111.93662 33.42206,-111.93663 33.42243,-111.93663 33.42246,-111.93663 33.4226,-111.93664 33.42309,-111.93664 33.42321)",
,201,95,135,,,17.21110481140674,1,nan,-1.60934,1,,"LINESTRING (-111.94003 33.41746,-111.93996 33.41746,-111.93995 33.41746,-111.93987 33.41745,-111.93984 33.41745)",
,202,135,208,,,296.5126421089211,1,nan,-1.60934,1,,"LINESTRING (-111.93984 33.41745,-111.93978 33.41745,-111.93962 33.41745,-111.93949 33.41745,-111.93832 33.41747,-111.93822 33.41747,-111.93814 33.41747,-111.93804 33.41747,-111.93676 33.41748,-111.93665 33.41748)",
,203,249,132,,,147.670120189868,4,nan,-1.60934,1,,"LINESTRING (-111.93661 33.41474,-111.93694 33.41474,-111.93712 33.41475,-111.93733 33.41478,-111.93756 33.41481,-111.93772 33.41486,-111.93815 33.415)",
,204,132,248,,,175.69556816704682,4,nan,-1.60934,1,,"LINESTRING (-111.93815 33.415,-111.93855 33.41519,-111.93884 33.41539,-111.93915 33.41563,-111.9394 33.41592,-111.93944 33.41599,-111.93949 33.41607)",
,205,250,240,,,102.27994035705193,2,nan,48.2802,1,,"LINESTRING (-111.94007 33.42738,-111.94007 33.42728,-111.94008 33.42646)",
,206,244,201,,,333.36910557155915,3,nan,56.3269,1,,"LINESTRING (-111.92622 33.4245,-111.92622 33.42458,-111.92622 33.42684,-111.92621 33.42751)",
,207,244,150,,,68.8850292855807,3,nan,56.3269,1,,"LINESTRING (-111.92638 33.4245,-111.92638 33.42442,-111.92639 33.42388)",
,208,150,148,,,65.00056816733806,1,nan,-1.60934,1,,"LINESTRING (-111.92639 33.42388,-111.92631 33.42375,-111.92631 33.42341,-111.92623 33.42334)",
,209,148,149,,,31.60893338963633,1,nan,-1.60934,1,,"LINESTRING (-111.92623 33.42334,-111.9261 33.42334,-111.92589 33.42334)",
,210,147,149,,,70.9447038552305,1,nan,-1.60934,1,,"LINESTRING (-111.92623 33.42284,-111.92615 33.42316,-111.92612 33.42324,-111.92611 33.42325,-111.92607 33.42329,-111.92589 33.42334)",
,211,64,257,,,159.49067142445054,2,nan,56.3269,1,,"LINESTRING (-111.93497 33.42195,-111.93506 33.422,-111.93525 33.422,-111.93627 33.42199,-111.93657 33.42199,-111.93666 33.42199)",
,212,257,256,,,137.90601216457003,2,nan,56.3269,1,,"LINESTRING (-111.93666 33.42199,-111.93675 33.42199,-111.93713 33.42199,-111.93771 33.42199,-111.93806 33.42199,-111.93815 33.42199)",
,215,254,12,,,75.3505460644208,1,nan,40.2335,1,,"LINESTRING (-111.93995 33.42431,-111.93983 33.42431,-111.93914 33.42432)",
,216,12,254,,,75.3502323045445,1,nan,40.2335,1,,"LINESTRING (-111.93914 33.42438,-111.93983 33.42438,-111.93995 33.42438)",
,217,157,158,,,127.49953842794264,1,nan,-1.60934,1,,"LINESTRING (-111.94131 33.42549,-111.9413 33.42434)",
,218,158,157,,,127.49953842794264,1,nan,-1.60934,1,,"LINESTRING (-111.94123 33.42434,-111.94124 33.42549)",
,219,156,157,,,69.95171802876092,1,nan,-1.60934,1,,"LINESTRING (-111.94131 33.42612,-111.94131 33.42598,-111.94131 33.42549)",
,220,157,156,,,69.59880948515932,1,nan,-1.60934,1,,"LINESTRING (-111.94124 33.42549,-111.94124 33.42598,-111.94123 33.42612)",
,223,250,31,,,253.55523469836675,1,nan,40.2335,1,,"LINESTRING (-111.94007 33.42742,-111.94016 33.42742,-111.94151 33.42741,-111.94205 33.4274,-111.94224 33.42741,-111.94241 33.42744,-111.94258 33.42749,-111.94266 33.42753,-111.94275 33.42758)",
,224,31,250,,,257.9810383730831,1,nan,40.2335,1,,"LINESTRING (-111.94279 33.42753,-111.94269 33.42747,-111.94261 33.42744,-111.94243 33.42738,-111.94225 33.42735,-111.94205 33.42734,-111.94151 33.42735,-111.94016 33.42735,-111.94007 33.42735)",
,225,159,42,,,58.44905037602435,1,nan,-1.60934,1,,"LINESTRING (-111.92157 33.41131,-111.92094 33.41132)",
,226,42,159,,,58.44905037602435,1,nan,-1.60934,1,,"LINESTRING (-111.92094 33.41138,-111.92157 33.41138)",
,227,42,92,,,60.736458407417494,1,nan,-1.60934,1,,"LINESTRING (-111.92094 33.41132,-111.92029 33.41132)",
,228,92,42,,,60.736458407417494,1,nan,-1.60934,1,,"LINESTRING (-111.92029 33.41138,-111.92094 33.41138)",
,229,92,160,,,24.054649069669928,1,nan,-1.60934,1,,"LINESTRING (-111.92029 33.41132,-111.92003 33.41132)",
,230,160,92,,,24.054649069669928,1,nan,-1.60934,1,,"LINESTRING (-111.92003 33.41139,-111.92029 33.41138)",
,231,64,204,,,390.63171331315687,2,nan,56.3269,1,,"LINESTRING (-111.93496 33.4219,-111.93487 33.4219,-111.93399 33.42192,-111.93323 33.42193,-111.93152 33.42195,-111.93129 33.42195,-111.93121 33.42195,-111.93076 33.42196)",
,232,204,64,,,390.8322446156924,2,nan,56.3269,1,,"LINESTRING (-111.93076 33.42205,-111.93121 33.42205,-111.93129 33.42205,-111.93152 33.42204,-111.93323 33.42202,-111.93399 33.42201,-111.93487 33.422,-111.93497 33.422)",
,233,167,166,,,12.010823534000561,2,nan,-1.60934,1,,"LINESTRING (-111.92208 33.41482,-111.92208 33.4148,-111.92208 33.41474,-111.92208 33.41471)",
,234,163,164,,,121.08657804280388,1,nan,-1.60934,1,,"LINESTRING (-111.92094 33.41172,-111.92125 33.41171,-111.92125 33.41172,-111.92126 33.41172,-111.92127 33.41173,-111.92127 33.41176,-111.92128 33.41227,-111.92127 33.41227,-111.92123 33.41228,-111.92095 33.41228)",
,235,164,163,,,143.89663801247167,1,nan,-1.60934,1,,"LINESTRING (-111.92095 33.41234,-111.92124 33.41234,-111.9213 33.41233,-111.92135 33.4123,-111.92135 33.41176,-111.92134 33.41172,-111.92133 33.41169,-111.9213 33.41166,-111.92126 33.41165,-111.92094 33.41165)",
,236,84,241,,,180.9389764995044,1,nan,-1.60934,1,,"LINESTRING (-111.93332 33.41609,-111.93328 33.41514,-111.93323 33.41503,-111.93313 33.41498,-111.93284 33.41498,-111.93283 33.41486,-111.93283 33.41476)",
,237,241,84,,,183.85617666611284,1,nan,-1.60934,1,,"LINESTRING (-111.93276 33.41476,-111.93276 33.41487,-111.93276 33.41505,-111.93311 33.41504,-111.93317 33.41507,-111.93321 33.41515,-111.93324 33.41609)",
,238,90,180,,,191.91575663740915,1,nan,-1.60934,1,,"LINESTRING (-111.9371 33.41456,-111.93723 33.41456,-111.93916 33.41454)",
,239,180,90,,,191.9136835460866,1,nan,-1.60934,1,,"LINESTRING (-111.93916 33.41447,-111.93723 33.41449,-111.9371 33.41449)",
,240,180,91,,,44.45568104798905,1,nan,-1.60934,1,,"LINESTRING (-111.93916 33.41454,-111.93948 33.41454,-111.93963 33.41457)",
,241,91,180,,,46.53565953069837,1,nan,-1.60934,1,,"LINESTRING (-111.93965 33.41451,-111.93949 33.41447,-111.93916 33.41447)",
,242,93,51,,,222.95300326119792,1,nan,-1.60934,1,,"LINESTRING (-111.92059 33.41872,-111.9206 33.41857,-111.9206 33.41797,-111.92061 33.4178,-111.92061 33.41748,-111.92061 33.41733,-111.92062 33.41671)",
,243,51,93,,,222.9511518055244,1,nan,-1.60934,1,,"LINESTRING (-111.92055 33.41671,-111.92054 33.41732,-111.92054 33.41748,-111.92053 33.41779,-111.92053 33.41797,-111.92052 33.41857,-111.92052 33.41872)",
,244,81,168,,,139.46359669018213,1,nan,-1.60934,1,,"LINESTRING (-111.93812 33.41905,-111.93804 33.41905,-111.93777 33.41905,-111.93731 33.41904,-111.93662 33.41904)",
,245,168,81,,,139.5599601823889,1,nan,-1.60934,1,,"LINESTRING (-111.93662 33.4191,-111.93731 33.41911,-111.93777 33.41911,-111.93804 33.41911,-111.93812 33.41911)",
,246,169,143,,,290.51636980592514,1,nan,40.2335,1,,"LINESTRING (-111.93812 33.4255,-111.93812 33.42561,-111.93812 33.42565,-111.93814 33.42687,-111.93875 33.4271,-111.93923 33.42729,-111.93935 33.42733,-111.93942 33.42735,-111.93947 33.4274)",
,247,143,169,,,284.8690843099401,1,nan,40.2335,1,,"LINESTRING (-111.93953 33.42736,-111.93947 33.4273,-111.93938 33.42727,-111.93926 33.42723,-111.93878 33.42705,-111.93821 33.42683,-111.9382 33.42565,-111.9382 33.42561,-111.9382 33.4255)",
,248,176,173,,,7.291309813253159,1,nan,-1.60934,1,,"LINESTRING (-111.93486 33.40963,-111.93491 33.40968)",
,249,173,176,,,7.291309813253159,1,nan,-1.60934,1,,"LINESTRING (-111.93497 33.40964,-111.93492 33.40959)",
,250,173,171,,,124.6425955039934,1,nan,-1.60934,1,,"LINESTRING (-111.93491 33.40967,-111.93498 33.40978,-111.93499 33.40981,-111.93509 33.41072,-111.93502 33.41072)",
,251,171,173,,,141.049943709589,1,nan,-1.60934,1,,"LINESTRING (-111.93503 33.41079,-111.93517 33.41077,-111.93507 33.4098,-111.93505 33.40975,-111.93497 33.40964)",
,252,174,175,,,31.33832911894259,1,nan,-1.60934,1,,"LINESTRING (-111.93527 33.40958,-111.9352 33.40957,-111.93505 33.40959,-111.93494 33.4096)",
,253,175,176,,,4.6541942154691975,1,nan,-1.60934,1,,"LINESTRING (-111.93494 33.4096,-111.93489 33.40961)",
,254,176,211,,,39.95961436284869,1,nan,-1.60934,1,,"LINESTRING (-111.93489 33.40961,-111.93461 33.40961,-111.93446 33.40964)",
,255,214,173,,,74.91302863990192,1,nan,-1.60934,1,,"LINESTRING (-111.93492 33.41033,-111.93495 33.41024,-111.93494 33.40966)",
,256,173,175,,,5.9209107724811005,1,nan,-1.60934,1,,"LINESTRING (-111.93494 33.40966,-111.93494 33.4096)",
,257,176,172,,,5.931763211801166,1,nan,-1.60934,1,,"LINESTRING (-111.93489 33.40961,-111.93489 33.40966)",
,258,172,214,,,74.55194867875406,1,nan,-1.60934,1,,"LINESTRING (-111.93489 33.40966,-111.9349 33.41024,-111.93492 33.41033)",
,259,211,212,,,51.8222590966356,1,nan,-1.60934,1,,"LINESTRING (-111.93446 33.4096,-111.93431 33.4096,-111.93397 33.40961,-111.93394 33.4096,-111.93392 33.40959)",
,260,212,211,,,57.02850969041008,1,nan,-1.60934,1,,"LINESTRING (-111.93387 33.40963,-111.9339 33.40966,-111.93396 33.40967,-111.93431 33.40967,-111.93447 33.40967)",
,261,172,173,,,4.673611545267131,1,nan,-1.60934,1,,"LINESTRING (-111.93489 33.40966,-111.93494 33.40966)",
,262,173,174,,,32.3839357698537,1,nan,-1.60934,1,,"LINESTRING (-111.93494 33.40966,-111.93507 33.40964,-111.93521 33.40961,-111.93527 33.40958)",
,263,180,183,,,23.329562898767854,1,nan,-1.60934,1,,"LINESTRING (-111.93912 33.41451,-111.93912 33.41458,-111.93913 33.41472)",
,264,183,180,,,23.33428599633792,1,nan,-1.60934,1,,"LINESTRING (-111.9392 33.41472,-111.9392 33.41458,-111.9392 33.41451)",
,265,122,246,,,8.594800370335143,2,nan,-1.60934,1,,"LINESTRING (-111.93991 33.41465,-111.93985 33.41471)",
,267,246,248,,,138.03450349131174,2,nan,-1.60934,1,,"LINESTRING (-111.93985 33.41478,-111.93985 33.41486,-111.93985 33.41488,-111.93985 33.41506,-111.93985 33.41543,-111.93984 33.4156,-111.93983 33.41567,-111.93979 33.41572,-111.93972 33.41582,-111.93959 33.41597)",
,269,178,37,,,105.72582090170535,1,nan,-1.60934,1,,"LINESTRING (-111.93662 33.41291,-111.93661 33.41196)",
,270,37,178,,,105.72582090170535,1,nan,-1.60934,1,,"LINESTRING (-111.93653 33.41196,-111.93654 33.41291)",
,271,177,35,,,103.71178589586273,1,nan,-1.60934,1,,"LINESTRING (-111.93977 33.41285,-111.93979 33.41275,-111.93977 33.41191)",
,272,35,177,,,102.96763449932409,1,nan,-1.60934,1,,"LINESTRING (-111.93969 33.41191,-111.93971 33.41274,-111.9397 33.41284)",
,273,35,185,,,89.54225658393334,1,nan,-1.60934,1,,"LINESTRING (-111.93977 33.41191,-111.93976 33.41152,-111.93975 33.41125,-111.93974 33.41117,-111.9397 33.41111)",
,274,185,35,,,86.10215323125122,1,nan,-1.60934,1,,"LINESTRING (-111.93963 33.41114,-111.93967 33.41119,-111.93968 33.41126,-111.93969 33.41153,-111.93969 33.41191)",
,275,179,36,,,105.39067109124635,1,nan,-1.60934,1,,"LINESTRING (-111.938 33.41289,-111.938 33.41194)",
,276,36,179,,,105.39067109124635,1,nan,-1.60934,1,,"LINESTRING (-111.93792 33.41194,-111.93792 33.41289)",
,277,253,157,,,110.92349142109178,1,nan,48.2802,1,,"LINESTRING (-111.94008 33.42552,-111.94063 33.42552,-111.9412 33.42552,-111.94127 33.42552)",
,278,157,253,,,111.06627083697254,1,nan,48.2802,1,,"LINESTRING (-111.94127 33.42546,-111.9412 33.42546,-111.94063 33.42546,-111.94008 33.42546)",
,279,157,30,,,192.79617754016127,1,nan,48.2802,1,,"LINESTRING (-111.94127 33.42552,-111.94248 33.42552,-111.94255 33.42552,-111.94287 33.42552,-111.94325 33.42551,-111.94335 33.42551)",
,280,30,157,,,192.71527588298642,1,nan,48.2802,1,,"LINESTRING (-111.94335 33.42545,-111.94324 33.42545,-111.94287 33.42545,-111.94254 33.42545,-111.94248 33.42545,-111.94127 33.42546)",
,281,161,1,,,157.4695304239301,1,nan,40.2335,1,,"LINESTRING (-111.94431 33.42689,-111.94431 33.42687,-111.94432 33.42614,-111.94432 33.42547)",
,282,1,161,,,157.4628136664522,1,nan,40.2335,1,,"LINESTRING (-111.94424 33.42547,-111.94424 33.42614,-111.94424 33.42687,-111.94424 33.42689)",
,283,1,30,,,87.75344596680536,1,nan,-1.60934,1,,"LINESTRING (-111.94428 33.42547,-111.94412 33.42545,-111.94361 33.42544,-111.94357 33.42545,-111.94347 33.42545,-111.94335 33.42548)",
,286,248,134,,,111.99988573762079,2,nan,-1.60934,1,,"LINESTRING (-111.93949 33.41607,-111.93961 33.41626,-111.93975 33.41657,-111.93982 33.4169,-111.93984 33.41703)",
,287,45,57,,,65.8004729190829,2,nan,-1.60934,1,,"LINESTRING (-111.93997 33.4168,-111.93999 33.4162)",
,288,249,255,,,153.90400511189227,2,nan,56.3269,1,,"LINESTRING (-111.93661 33.4146,-111.93496 33.41461)",
,289,189,218,,,54.45109509013363,2,nan,56.3269,1,,"LINESTRING (-111.92915 33.41467,-111.92856 33.41468)",
,290,218,202,,,110.46545339412327,2,nan,56.3269,1,,"LINESTRING (-111.92856 33.41468,-111.9274 33.41469,-111.92737 33.41469)",
,291,245,194,,,100.56530510076932,2,nan,56.3269,1,,"LINESTRING (-111.92629 33.41484,-111.92648 33.41484,-111.92737 33.41481)",
,292,251,56,,,158.60828159667636,3,nan,48.2802,1,,"LINESTRING (-111.94003 33.41906,-111.94003 33.41899,-111.94002 33.4186,-111.94002 33.41835,-111.94002 33.41799,-111.94004 33.41762)",
,293,56,95,,,18.759649205849296,3,nan,48.2802,1,,"LINESTRING (-111.94004 33.41762,-111.94003 33.41746)",
,298,247,147,,,89.46407157860764,3,nan,56.3269,1,,"LINESTRING (-111.92624 33.42203,-111.92624 33.42205,-111.92624 33.42216,-111.92623 33.42284)",
,299,230,231,,,18.216730849035244,3,nan,56.3269,1,,"LINESTRING (-111.92621 33.40993,-111.92621 33.41003,-111.92621 33.41005,-111.92621 33.4101)",
,300,231,230,,,18.19385198714933,3,nan,56.3269,1,,"LINESTRING (-111.92636 33.41009,-111.92636 33.41005,-111.92636 33.41003,-111.92636 33.40993)",
,301,231,232,,,6.541600311253074,3,nan,56.3269,1,,"LINESTRING (-111.92621 33.4101,-111.92621 33.41015)",
,302,232,231,,,6.541600311253074,3,nan,56.3269,1,,"LINESTRING (-111.92636 33.41015,-111.92636 33.41009)",
,303,149,113,,,67.21668121533665,1,nan,-1.60934,1,,"LINESTRING (-111.92589 33.42334,-111.92607 33.4234,-111.9261 33.42343,-111.92612 33.42345,-111.92616 33.42352,-111.92623 33.42381)",
,304,145,130,,,8.028757361859308,3,nan,56.3269,1,,"LINESTRING (-111.92621 33.42028,-111.92621 33.42035)",
,305,130,145,,,8.028757361859308,3,nan,56.3269,1,,"LINESTRING (-111.92636 33.42035,-111.92636 33.42028)",
,306,190,191,,,105.79415993081916,1,nan,-1.60934,1,,"LINESTRING (-111.93135 33.41741,-111.93136 33.41826,-111.93136 33.41836)",
,307,191,190,,,105.7913807048357,1,nan,-1.60934,1,,"LINESTRING (-111.93144 33.41836,-111.93144 33.41826,-111.93143 33.41741)",
,308,104,189,,,139.80315468635462,2,nan,56.3269,1,,"LINESTRING (-111.93065 33.41466,-111.93051 33.41467,-111.92983 33.41467,-111.92915 33.41467)",
,309,196,195,,,51.32355926868679,1,nan,-1.60934,1,,"LINESTRING (-111.92405 33.41482,-111.92409 33.4148,-111.92419 33.41476,-111.92424 33.41475,-111.92443 33.41475,-111.92458 33.41472)",
,310,197,193,,,49.32958740196918,1,nan,-1.60934,1,,"LINESTRING (-111.92473 33.41482,-111.9248 33.41478,-111.92504 33.41479,-111.92507 33.41478,-111.92516 33.41477,-111.92519 33.41474,-111.92521 33.41471)",
,311,194,202,,,13.640597598984218,1,nan,-1.60934,1,,"LINESTRING (-111.92737 33.41481,-111.92737 33.4148,-111.92737 33.41473,-111.92737 33.41469)",
,312,199,198,,,32.104487997374434,1,nan,-1.60934,1,,"LINESTRING (-111.94167 33.42361,-111.94143 33.42382)",
,313,198,199,,,32.104487997374434,1,nan,-1.60934,1,,"LINESTRING (-111.94148 33.42386,-111.94172 33.42366)",
,314,198,252,,,160.4284569373567,1,nan,40.2335,1,,"LINESTRING (-111.94148 33.42382,-111.941 33.42342,-111.94075 33.4232,-111.94068 33.42318,-111.94007 33.42316)",
,315,252,198,,,155.08938433157908,1,nan,40.2335,1,,"LINESTRING (-111.94007 33.42323,-111.94067 33.42324,-111.9407 33.42325,-111.94095 33.42346,-111.94143 33.42387)",
,316,31,203,,,48.28480402839015,1,nan,48.2802,1,,"LINESTRING (-111.94274 33.42754,-111.94266 33.42765,-111.94264 33.42769,-111.94261 33.42773,-111.94254 33.42788,-111.94252 33.42793)",
,317,203,31,,,46.2514334380587,2,nan,48.2802,1,,"LINESTRING (-111.94261 33.42796,-111.94263 33.4279,-111.9427 33.42776,-111.94272 33.42772,-111.94274 33.42769,-111.94282 33.42758)",
,318,45,248,,,99.15555150786611,3,nan,-1.60934,1,,"LINESTRING (-111.93997 33.4168,-111.93993 33.41672,-111.93988 33.41653,-111.93975 33.41623,-111.93959 33.41597)",
,319,166,220,,,49.14731748536403,2,nan,56.3269,1,,"LINESTRING (-111.92208 33.41471,-111.92155 33.41471)",
,320,147,148,,,55.84553107239954,3,nan,56.3269,1,,"LINESTRING (-111.92623 33.42284,-111.92623 33.42334)",
,321,148,113,,,52.70699516909802,3,nan,56.3269,1,,"LINESTRING (-111.92623 33.42334,-111.92623 33.42381)",
,322,43,129,,,174.8018150552553,1,nan,-1.60934,1,,"LINESTRING (-111.92838 33.40971,-111.92777 33.40972,-111.92689 33.40972,-111.9265 33.40972)",
,323,129,43,,,174.81620532508398,1,nan,-1.60934,1,,"LINESTRING (-111.9265 33.40979,-111.92689 33.40978,-111.92777 33.40978,-111.92838 33.40978)",
,324,194,188,,,165.38160404222404,2,nan,56.3269,1,,"LINESTRING (-111.92737 33.41481,-111.9274 33.41481,-111.92857 33.41481,-111.92915 33.4148)",
,325,96,106,,,20.234049981370152,1,nan,-1.60934,1,,"LINESTRING (-111.92055 33.41487,-111.92045 33.41471)",
,326,106,110,,,20.700394709545847,1,nan,-1.60934,1,,"LINESTRING (-111.92045 33.41471,-111.92039 33.41489)",
,327,59,72,,,262.2885197811453,1,nan,-1.60934,1,,"LINESTRING (-111.93989 33.41347,-111.93707 33.4135)",
,328,72,59,,,262.2885197811453,1,nan,-1.60934,1,,"LINESTRING (-111.93707 33.41356,-111.93989 33.41353)",
,329,58,59,,,13.759033749190605,5,nan,56.3269,1,,"LINESTRING (-111.93989 33.41363,-111.93989 33.4135)",
,330,243,256,,,162.45751300462024,2,nan,-1.60934,1,,"LINESTRING (-111.93989 33.42189,-111.93985 33.42189,-111.93932 33.4219,-111.93894 33.4219,-111.93893 33.4219,-111.93825 33.4219,-111.93815 33.4219)",
,333,82,256,,,133.4920886690974,1,nan,-1.60934,1,,"LINESTRING (-111.9382 33.42319,-111.9382 33.42308,-111.93819 33.42259,-111.93819 33.42237,-111.93818 33.42205,-111.93818 33.42199)",
,334,256,82,,,133.53504586750992,1,nan,-1.60934,1,,"LINESTRING (-111.93811 33.42199,-111.93811 33.42205,-111.93811 33.42237,-111.93811 33.42259,-111.93812 33.42308,-111.93812 33.42319)",
,339,98,48,,,5.510396927060136,1,nan,40.2335,1,,"LINESTRING (-111.93069 33.41479,-111.93069 33.41474)",
,340,48,98,,,5.510396927060136,1,nan,40.2335,1,,"LINESTRING (-111.93061 33.41474,-111.93061 33.41479)",
,341,198,158,,,64.67972862398157,1,nan,-1.60934,1,,"LINESTRING (-111.94143 33.42382,-111.94123 33.42399,-111.94123 33.42434)",
,342,158,198,,,59.10652525548621,1,nan,-1.60934,1,,"LINESTRING (-111.9413 33.42434,-111.94131 33.42401,-111.94148 33.42386)",
,343,158,206,,,197.04223756339522,1,nan,-1.60934,1,,"LINESTRING (-111.94127 33.42437,-111.9418 33.42437,-111.942 33.42449,-111.94242 33.4245,-111.94249 33.42449,-111.94267 33.42431,-111.9427 33.4243,-111.94273 33.42429,-111.94323 33.42429)",
,344,206,158,,,197.0040834527391,1,nan,-1.60934,1,,"LINESTRING (-111.94323 33.42422,-111.94271 33.42422,-111.94267 33.42424,-111.94262 33.42426,-111.94245 33.42443,-111.94242 33.42444,-111.94203 33.42443,-111.94183 33.4243,-111.94127 33.42431)",
,345,0,244,,,105.28232829013012,1,nan,-1.60934,1,,"LINESTRING (-111.92751 33.42447,-111.92742 33.42447,-111.92647 33.42447,-111.92638 33.42447)",
,346,244,0,,,105.42065602058457,1,nan,-1.60934,1,,"LINESTRING (-111.92638 33.42454,-111.92647 33.42454,-111.92742 33.42453,-111.92751 33.42453)",
,349,48,104,,,8.126592676979381,1,nan,40.2335,1,,"LINESTRING (-111.93065 33.41474,-111.93065 33.41466)",
,350,187,34,,,142.43186698670667,1,nan,-1.60934,1,,"LINESTRING (-111.92769 33.41862,-111.92715 33.41885,-111.92666 33.41904,-111.92647 33.41907,-111.92628 33.41911)",
,351,34,187,,,144.33104626649452,1,nan,-1.60934,1,,"LINESTRING (-111.9263 33.41917,-111.92648 33.41914,-111.92669 33.4191,-111.92718 33.41891,-111.92772 33.41867)",
,352,218,219,,,236.37767588668427,1,nan,-1.60934,1,,"LINESTRING (-111.9286 33.41468,-111.9286 33.41412,-111.92859 33.41359,-111.92859 33.41307,-111.92859 33.41291,-111.92859 33.41288,-111.92859 33.41284,-111.92856 33.4128,-111.92849 33.41271,-111.92838 33.41261)",
,353,219,218,,,231.02822054877515,1,nan,-1.60934,1,,"LINESTRING (-111.92832 33.41265,-111.92843 33.41275,-111.9285 33.41283,-111.92851 33.41286,-111.92852 33.41288,-111.92852 33.41291,-111.92852 33.41307,-111.92851 33.41359,-111.92852 33.41412,-111.92852 33.41468)",
,354,220,221,,,67.8434827406776,1,nan,-1.60934,1,,"LINESTRING (-111.92159 33.41471,-111.92158 33.41448,-111.92156 33.4141)",
,355,221,220,,,67.84464865803406,1,nan,-1.60934,1,,"LINESTRING (-111.92148 33.4141,-111.9215 33.41448,-111.92151 33.41471)",
,356,165,221,,,59.12655848210683,1,nan,-1.60934,1,,"LINESTRING (-111.92173 33.4137,-111.92156 33.41371,-111.92153 33.41377,-111.92151 33.41392,-111.92148 33.41409)",
,357,221,165,,,49.160025177833404,1,nan,-1.60934,1,,"LINESTRING (-111.92156 33.4141,-111.92159 33.41393,-111.9216 33.41379,-111.92161 33.41377,-111.92174 33.41376)",
,358,73,74,,,200.4119221748122,1,nan,-1.60934,1,,"LINESTRING (-111.93493 33.41352,-111.93484 33.41352,-111.93278 33.41354)",
,359,74,73,,,200.4097199225673,1,nan,-1.60934,1,,"LINESTRING (-111.93278 33.4136,-111.93484 33.41358,-111.93493 33.41358)",
,360,74,71,,,192.20296937340015,1,nan,-1.60934,1,,"LINESTRING (-111.93278 33.41354,-111.93078 33.41355,-111.93071 33.41354)",
,361,71,74,,,193.59441149205682,1,nan,-1.60934,1,,"LINESTRING (-111.9307 33.4136,-111.93078 33.41362,-111.93278 33.4136)",
,362,73,38,,,173.97782530664347,2,nan,-1.60934,1,,"LINESTRING (-111.93493 33.41355,-111.93494 33.41302,-111.93493 33.41294,-111.93493 33.41198)",
,363,38,214,,,182.56283620920536,2,nan,-1.60934,1,,"LINESTRING (-111.93493 33.41198,-111.93493 33.41107,-111.93493 33.41102,-111.93493 33.41092,-111.93493 33.41074,-111.93493 33.4107,-111.93492 33.41033)",
,364,50,98,,,249.0461307592752,1,nan,40.2335,1,,"LINESTRING (-111.9294 33.41664,-111.92952 33.41659,-111.92961 33.41651,-111.93022 33.41591,-111.93035 33.41579,-111.9304 33.41574,-111.93056 33.41551,-111.93066 33.41527,-111.93068 33.41509,-111.93069 33.41488,-111.93065 33.41479)",
,365,118,119,,,24.746135641248316,1,nan,-1.60934,1,,"LINESTRING (-111.93707 33.41624,-111.93709 33.41624,-111.93731 33.41632)",
,366,109,93,,,296.53346718329533,1,nan,-1.60934,1,,"LINESTRING (-111.92315 33.41751,-111.92295 33.4177,-111.92271 33.41792,-111.9226 33.41803,-111.92228 33.41819,-111.92192 33.41839,-111.92186 33.41843,-111.92171 33.41851,-111.92159 33.41868,-111.92145 33.41875,-111.92129 33.41879,-111.92056 33.41869)",
,367,93,109,,,303.71968066714,1,nan,-1.60934,1,,"LINESTRING (-111.92055 33.41875,-111.92129 33.41885,-111.92149 33.41881,-111.92164 33.41872,-111.92176 33.41856,-111.9219 33.41848,-111.92196 33.41844,-111.92232 33.41825,-111.92264 33.41807,-111.92276 33.41797,-111.92301 33.41774,-111.92321 33.41755)",
,368,167,196,,,183.5457959624262,2,nan,56.3269,1,,"LINESTRING (-111.92208 33.41482,-111.92211 33.41482,-111.92284 33.41482,-111.9232 33.41482,-111.9234 33.41482,-111.92359 33.41482,-111.92405 33.41482)",
,369,196,197,,,62.71259663588322,2,nan,56.3269,1,,"LINESTRING (-111.92405 33.41482,-111.92456 33.41482,-111.92473 33.41482)",
,372,242,236,,,105.95677623254457,1,nan,40.2335,1,,"LINESTRING (-111.94005 33.42053,-111.94032 33.42052,-111.94045 33.42052,-111.94062 33.42052,-111.94114 33.42051,-111.94119 33.42051)",
,373,236,242,,,106.0513171492475,1,nan,40.2335,1,,"LINESTRING (-111.94119 33.42045,-111.94114 33.42045,-111.94062 33.42045,-111.94045 33.42046,-111.94032 33.42046,-111.94005 33.42046)",
,374,135,136,,,18.184276512194284,2,nan,-1.60934,1,,"LINESTRING (-111.93984 33.41745,-111.93985 33.41762)",
,375,136,56,,,17.635144622399874,1,nan,24.1401,1,,"LINESTRING (-111.93985 33.41762,-111.93988 33.41762,-111.93996 33.41762,-111.94004 33.41762)",
,378,134,135,,,46.86445704440877,2,nan,-1.60934,1,,"LINESTRING (-111.93984 33.41703,-111.93985 33.41712,-111.93984 33.41745)",
,379,210,208,,,18.86965862712613,1,nan,24.1401,1,,"LINESTRING (-111.93669 33.41765,-111.93669 33.41748)",
,380,208,210,,,18.86965862712613,1,nan,24.1401,1,,"LINESTRING (-111.93662 33.41748,-111.93662 33.41765)",
,381,225,227,,,163.65019201111764,1,nan,-1.60934,1,,"LINESTRING (-111.92742 33.42201,-111.92742 33.42212,-111.9275 33.42247,-111.92757 33.42275,-111.92757 33.42308,-111.92759 33.4232,-111.92769 33.42329,-111.92786 33.42334)",
,382,227,225,,,154.82159417337135,1,nan,-1.60934,1,,"LINESTRING (-111.92789 33.42328,-111.92774 33.42323,-111.92766 33.42317,-111.92765 33.42307,-111.92765 33.42274,-111.92757 33.42246,-111.92749 33.42212,-111.9275 33.42201)",
,383,227,0,,,139.15850305536202,1,nan,-1.60934,1,,"LINESTRING (-111.92784 33.4233,-111.92762 33.42384,-111.92747 33.42416,-111.92748 33.42443,-111.92748 33.4245)",
,384,0,227,,,136.7228329798669,1,nan,-1.60934,1,,"LINESTRING (-111.92755 33.4245,-111.92755 33.42443,-111.92755 33.42417,-111.92769 33.42386,-111.92791 33.42332)",
,385,228,156,,,36.659901885086896,1,nan,-1.60934,1,,"LINESTRING (-111.94126 33.42645,-111.94126 33.42618,-111.94127 33.42612)",
,386,129,229,,,37.694115632990325,1,nan,-1.60934,1,,"LINESTRING (-111.9265 33.40975,-111.92643 33.40972,-111.92638 33.40969,-111.92634 33.40963,-111.92628 33.40949)",
,387,230,129,,,29.493378423840724,1,nan,-1.60934,1,,"LINESTRING (-111.92628 33.40993,-111.9263 33.40989,-111.92636 33.40983,-111.9264 33.40979,-111.9265 33.40975)",
,388,231,223,,,47.33971383519676,1,nan,-1.60934,1,,"LINESTRING (-111.92628 33.41009,-111.92612 33.4101,-111.92581 33.4101,-111.92579 33.41013)",
,389,223,232,,,46.12819642796526,1,nan,-1.60934,1,,"LINESTRING (-111.92579 33.41013,-111.92586 33.41015,-111.92612 33.41015,-111.92617 33.41015,-111.92628 33.41015)",
,390,28,233,,,7.055411032629379,1,nan,-1.60934,1,,"LINESTRING (-111.94237 33.42051,-111.94239 33.42051,-111.9424 33.4205,-111.94241 33.42049,-111.94242 33.42048,-111.94242 33.42047)",
,391,233,239,,,6.8950999700827404,1,nan,-1.60934,1,,"LINESTRING (-111.94242 33.42047,-111.94242 33.42046,-111.94241 33.42045,-111.9424 33.42044,-111.94239 33.42043,-111.94237 33.42043)",
,392,239,234,,,6.596025397763671,1,nan,-1.60934,1,,"LINESTRING (-111.94237 33.42043,-111.94236 33.42043,-111.94235 33.42044,-111.94234 33.42045,-111.94233 33.42046,-111.94233 33.42047)",
,393,233,3,,,172.03367042377042,1,nan,40.2335,1,,"LINESTRING (-111.94242 33.4205,-111.94321 33.4205,-111.94326 33.4205,-111.94328 33.4205,-111.94331 33.42049,-111.94336 33.42049,-111.94342 33.42048,-111.94347 33.42047,-111.94351 33.42045,-111.94358 33.42043,-111.94364 33.42041,-111.94368 33.42039,-111.94373 33.42039,-111.94378 33.42038,-111.94384 33.42038,-111.94425 33.42038)",
,394,3,233,,,172.11342865352503,1,nan,40.2335,1,,"LINESTRING (-111.94425 33.42032,-111.94383 33.42032,-111.94378 33.42032,-111.94372 33.42032,-111.94366 33.42033,-111.94361 33.42035,-111.94355 33.42037,-111.94349 33.4204,-111.94345 33.42041,-111.9434 33.42042,-111.94335 33.42043,-111.94331 33.42043,-111.94327 33.42043,-111.94326 33.42043,-111.94321 33.42043,-111.94242 33.42044)",
,395,238,235,,,7.057169441549485,1,nan,-1.60934,1,,"LINESTRING (-111.94123 33.42052,-111.94125 33.42052,-111.94126 33.42052,-111.94127 33.42051,-111.94128 33.4205,-111.94128 33.42048)",
,396,235,237,,,6.898266312072761,1,nan,-1.60934,1,,"LINESTRING (-111.94128 33.42048,-111.94128 33.42047,-111.94127 33.42046,-111.94126 33.42045,-111.94125 33.42045,-111.94123 33.42044)",
,397,237,236,,,6.425727067146239,1,nan,-1.60934,1,,"LINESTRING (-111.94123 33.42044,-111.94122 33.42045,-111.9412 33.42045,-111.94119 33.42046,-111.94119 33.42048,-111.94119 33.42048)",
,398,235,234,,,97.61108783980825,1,nan,40.2335,1,,"LINESTRING (-111.94128 33.42051,-111.94134 33.42051,-111.9418 33.42051,-111.94233 33.4205)",
,399,234,235,,,97.61046599567536,1,nan,40.2335,1,,"LINESTRING (-111.94233 33.42044,-111.9418 33.42045,-111.94134 33.42045,-111.94128 33.42045)",
,400,237,15,,,154.00791028405374,1,nan,-1.60934,1,,"LINESTRING (-111.94127 33.42045,-111.94127 33.42039,-111.94127 33.42005,-111.94126 33.41913,-111.94127 33.41906)",
,401,15,237,,,155.0480413790166,1,nan,-1.60934,1,,"LINESTRING (-111.9412 33.41905,-111.94119 33.41913,-111.9412 33.42005,-111.94119 33.42039,-111.94119 33.42044)",
,402,15,16,,,158.83338773716017,1,nan,-1.60934,1,,"LINESTRING (-111.94128 33.41905,-111.94127 33.41898,-111.94127 33.41762)",
,403,16,15,,,158.82741300568355,1,nan,-1.60934,1,,"LINESTRING (-111.94119 33.41762,-111.9412 33.41898,-111.9412 33.41905)",
,404,16,17,,,156.9502078237278,1,nan,-1.60934,1,,"LINESTRING (-111.94127 33.41762,-111.94124 33.4162)",
,405,17,16,,,156.9502078237278,1,nan,-1.60934,1,,"LINESTRING (-111.94117 33.4162,-111.94119 33.41762)",
,406,17,18,,,161.83980264947252,1,nan,-1.60934,1,,"LINESTRING (-111.94124 33.4162,-111.94123 33.41474)",
,407,18,17,,,161.83980264947252,1,nan,-1.60934,1,,"LINESTRING (-111.94115 33.41474,-111.94117 33.4162)",
,408,30,1,,,88.45663681726474,2,nan,-1.60934,1,,"LINESTRING (-111.94335 33.42548,-111.94347 33.42553,-111.94357 33.42553,-111.94362 33.42553,-111.94372 33.42553,-111.94413 33.4255,-111.94428 33.42547)",
,411,241,74,,,119.21825656067811,1,nan,-1.60934,1,,"LINESTRING (-111.93283 33.41465,-111.93283 33.41457,-111.93282 33.41407,-111.93282 33.41357)",
,412,74,241,,,119.23867658033993,1,nan,-1.60934,1,,"LINESTRING (-111.93274 33.41357,-111.93274 33.41407,-111.93276 33.41458,-111.93276 33.41465)",
,413,2,1,,,396.38581052551444,1,nan,40.2335,1,,"LINESTRING (-111.94423 33.4219,-111.94424 33.42194,-111.94424 33.42199,-111.94424 33.42239,-111.94425 33.42248,-111.94426 33.42318,-111.94426 33.42374,-111.94427 33.42432,-111.94426 33.42488,-111.94424 33.42547)",
,414,1,2,,,397.7022567286478,1,nan,40.2335,1,,"LINESTRING (-111.94432 33.42547,-111.94433 33.42489,-111.94434 33.42432,-111.94434 33.42374,-111.94434 33.42318,-111.94432 33.42248,-111.94432 33.42239,-111.94432 33.42199,-111.94431 33.42194,-111.9443 33.42189)",
,415,2,3,,,170.85880889071996,1,nan,40.2335,1,,"LINESTRING (-111.9443 33.42189,-111.94429 33.42184,-111.94429 33.42179,-111.94428 33.4217,-111.94429 33.42138,-111.94429 33.42112,-111.94429 33.42064,-111.94429 33.42035)",
,416,3,2,,,172.0200903923863,1,nan,40.2335,1,,"LINESTRING (-111.94421 33.42035,-111.94421 33.42064,-111.94421 33.42112,-111.94421 33.42138,-111.94421 33.4217,-111.94421 33.4218,-111.94422 33.42185,-111.94423 33.4219)",
,417,3,4,,,158.60725093438174,1,nan,40.2335,1,,"LINESTRING (-111.94429 33.42035,-111.94428 33.4201,-111.94428 33.4194,-111.94428 33.41919,-111.94428 33.41904,-111.94428 33.41892)",
,418,4,3,,,158.6768964854748,1,nan,40.2335,1,,"LINESTRING (-111.94421 33.41892,-111.94421 33.41904,-111.94421 33.41919,-111.94421 33.4194,-111.94421 33.4201,-111.94421 33.42035)",
,419,5,4,,,474.910754363694,1,nan,40.2335,1,,"LINESTRING (-111.94421 33.41463,-111.94421 33.41472,-111.94421 33.41479,-111.94421 33.41482,-111.9442 33.41485,-111.9442 33.41488,-111.9442 33.41531,-111.9442 33.41607,-111.9442 33.41621,-111.9442 33.4163,-111.9442 33.41655,-111.9442 33.41682,-111.94421 33.41721,-111.94421 33.41778,-111.94421 33.41832,-111.94421 33.41857,-111.94421 33.41875,-111.94421 33.41892)",
,420,4,5,,,474.8821798249375,1,nan,40.2335,1,,"LINESTRING (-111.94428 33.41892,-111.94428 33.41875,-111.94428 33.41857,-111.94428 33.41832,-111.94428 33.41778,-111.94428 33.41721,-111.94428 33.41682,-111.94428 33.41655,-111.94428 33.4163,-111.94428 33.41621,-111.94428 33.41607,-111.94428 33.41531,-111.94428 33.41488,-111.94428 33.41486,-111.94428 33.41483,-111.94429 33.41479,-111.94429 33.41472,-111.94429 33.41463)",
,421,7,6,,,400.8316826616858,1,nan,40.2335,1,,"LINESTRING (-111.94426 33.41102,-111.94427 33.41189,-111.94427 33.41303,-111.94427 33.41318,-111.94428 33.4139,-111.94427 33.41424,-111.94427 33.4144,-111.94427 33.41442,-111.94426 33.41445,-111.94425 33.41448,-111.94425 33.41456,-111.94425 33.41463)",
,422,6,7,,,400.84927220312335,1,nan,40.2335,1,,"LINESTRING (-111.94433 33.41463,-111.94432 33.41456,-111.94433 33.41448,-111.94433 33.41446,-111.94434 33.41443,-111.94435 33.4144,-111.94435 33.41424,-111.94435 33.4139,-111.94435 33.41318,-111.94435 33.41303,-111.94434 33.41189,-111.94434 33.41102)",
,423,7,8,,,166.73584056807852,1,nan,40.2335,1,,"LINESTRING (-111.94434 33.41102,-111.94434 33.41086,-111.94434 33.41064,-111.94433 33.41026,-111.94433 33.40989,-111.94433 33.40977,-111.94433 33.40952)",
,424,8,7,,,166.80171272422365,1,nan,40.2335,1,,"LINESTRING (-111.94426 33.40952,-111.94426 33.40977,-111.94426 33.40989,-111.94426 33.41026,-111.94426 33.41064,-111.94426 33.41086,-111.94426 33.41102)",
,425,226,0,,,207.1758284852896,1,nan,-1.60934,1,,"LINESTRING (-111.92967 33.42407,-111.92965 33.42408,-111.92921 33.42423,-111.92907 33.42427,-111.92889 33.42432,-111.9287 33.42436,-111.92864 33.42437,-111.92836 33.42442,-111.92824 33.42444,-111.92812 33.42445,-111.92789 33.42447,-111.92762 33.42447,-111.92751 33.42447)",
,426,0,226,,,209.8822656573997,1,nan,-1.60934,1,,"LINESTRING (-111.92751 33.42453,-111.92762 33.42453,-111.9279 33.42453,-111.92813 33.42451,-111.92825 33.4245,-111.92837 33.42448,-111.92865 33.42444,-111.92872 33.42442,-111.92892 33.42438,-111.92909 33.42433,-111.92923 33.42429,-111.92968 33.42414,-111.9297 33.42413)",
,427,240,228,,,109.94670085271699,1,nan,40.2335,1,,"LINESTRING (-111.94008 33.42649,-111.94078 33.42649,-111.94126 33.42648)",
,428,228,240,,,109.81464328797443,1,nan,40.2335,1,,"LINESTRING (-111.94126 33.42642,-111.94078 33.42643,-111.94008 33.42643)",
,429,69,43,,,161.21523743348692,1,nan,-1.60934,1,,"LINESTRING (-111.93012 33.4097,-111.92968 33.40971,-111.92962 33.40971,-111.92925 33.40971,-111.92877 33.40971,-111.92838 33.40971)",
,430,43,69,,,161.2151389232294,1,nan,-1.60934,1,,"LINESTRING (-111.92838 33.40978,-111.92877 33.40977,-111.92925 33.40977,-111.92962 33.40977,-111.92968 33.40977,-111.93012 33.40977)",
,431,67,9,,,501.05261288823493,1,nan,48.2802,1,,"LINESTRING (-111.93493 33.42544,-111.93487 33.42535,-111.93477 33.4253,-111.93448 33.4252,-111.93388 33.425,-111.93376 33.42496,-111.93366 33.42493,-111.93336 33.42483,-111.93318 33.42475,-111.93299 33.42465,-111.9328 33.42454,-111.93258 33.42439,-111.93233 33.42419,-111.93224 33.42411,-111.93211 33.424,-111.93171 33.42368,-111.93152 33.42352,-111.93148 33.42349,-111.9314 33.42343,-111.93126 33.42336,-111.93097 33.42323,-111.93071 33.42317,-111.93054 33.42314,-111.93049 33.42313,-111.93043 33.42313)",
,432,186,250,,,41.65626261367379,3,nan,48.2802,1,,"LINESTRING (-111.94007 33.42776,-111.94007 33.42758,-111.94007 33.42753,-111.94007 33.42749,-111.94007 33.42738)",
,433,169,253,,,167.34950663818577,1,nan,48.2802,1,,"LINESTRING (-111.93816 33.42553,-111.93827 33.42553,-111.93829 33.42553,-111.93884 33.42553,-111.93904 33.42553,-111.93929 33.42553,-111.93942 33.42553,-111.93984 33.42552,-111.93996 33.42552)",
,434,253,169,,,167.25707652558566,1,nan,48.2802,1,,"LINESTRING (-111.93996 33.42546,-111.93984 33.42546,-111.93942 33.42547,-111.93929 33.42547,-111.93904 33.42547,-111.93884 33.42547,-111.93829 33.42546,-111.93827 33.42546,-111.93816 33.42546)",
,435,29,28,,,157.62060980879207,1,nan,-1.60934,1,,"LINESTRING (-111.94243 33.42193,-111.94243 33.42181,-111.94243 33.4217,-111.94243 33.42132,-111.94243 33.42122,-111.94242 33.42102,-111.94242 33.4209,-111.94241 33.42051)",
,436,28,29,,,157.1740860564961,1,nan,-1.60934,1,,"LINESTRING (-111.94233 33.42051,-111.94235 33.42091,-111.94235 33.42102,-111.94235 33.42122,-111.94235 33.42132,-111.94236 33.42171,-111.94236 33.42181,-111.94235 33.42193)",
,437,111,145,,,21.15279621830757,4,nan,56.3269,1,,"LINESTRING (-111.92619 33.42009,-111.92619 33.42018,-111.92619 33.42023,-111.92619 33.42028)",
,438,145,111,,,20.90419344691255,3,nan,56.3269,1,,"LINESTRING (-111.92636 33.42028,-111.92636 33.42023,-111.92636 33.42017,-111.92636 33.42009)",
,439,257,131,,,70.2570569323989,1,nan,40.2335,1,,"LINESTRING (-111.93666 33.4219,-111.93666 33.42185,-111.93666 33.42184,-111.93664 33.42129,-111.93667 33.42129)",
,440,131,257,,,110.57447162734735,1,nan,40.2335,1,,"LINESTRING (-111.93667 33.42129,-111.93669 33.42128,-111.93671 33.42126,-111.93672 33.42123,-111.93672 33.42122,-111.93671 33.42119,-111.9367 33.42118,-111.93668 33.42117,-111.93664 33.42116,-111.93661 33.42117,-111.93659 33.42118,-111.93658 33.42119,-111.93657 33.42121,-111.93656 33.42123,-111.93657 33.42125,-111.93658 33.42127,-111.9366 33.42128,-111.93664 33.42129,-111.93666 33.42184,-111.93666 33.42185,-111.93666 33.4219)",
,441,13,224,,,133.29151920165552,1,nan,40.2335,1,,"LINESTRING (-111.93667 33.42436,-111.93676 33.42436,-111.93736 33.42436,-111.93755 33.42436,-111.93763 33.42436,-111.93763 33.42438,-111.93764 33.42441,-111.93766 33.42443,-111.93769 33.42445,-111.93772 33.42446,-111.93775 33.42446,-111.93778 33.42445,-111.93781 33.42443,-111.93783 33.42441,-111.93784 33.42438,-111.93783 33.42435,-111.93782 33.42432,-111.9378 33.4243,-111.93776 33.42429)",
,442,224,13,,,105.91946411409324,1,nan,40.2335,1,,"LINESTRING (-111.93776 33.42429,-111.93773 33.42429,-111.9377 33.42429,-111.93767 33.42431,-111.93765 33.42433,-111.93763 33.42436,-111.93755 33.42436,-111.93736 33.42436,-111.93676 33.42436,-111.93667 33.42436)",
,443,211,172,,,39.989002171432844,1,nan,-1.60934,1,,"LINESTRING (-111.93446 33.40964,-111.93462 33.40966,-111.93484 33.40966,-111.93489 33.40966)",
,444,175,176,,,51.1311359979654,1,nan,-1.60934,1,,"LINESTRING (-111.93494 33.4096,-111.93494 33.40945,-111.93491 33.40938,-111.93489 33.40944,-111.93489 33.40961)",
,445,181,184,,,221.40036500748892,2,nan,56.3269,1,,"LINESTRING (-111.93988 33.41259,-111.93994 33.41246,-111.93993 33.412,-111.93992 33.41143,-111.9399 33.41061)",
,446,182,181,,,221.4277138498798,2,nan,56.3269,1,,"LINESTRING (-111.93979 33.4106,-111.93981 33.41143,-111.93983 33.41202,-111.93983 33.41245,-111.93988 33.41259)",
,447,122,58,,,113.2846982703883,5,nan,56.3269,1,,"LINESTRING (-111.93991 33.41465,-111.93991 33.41464,-111.9399 33.41428,-111.9399 33.414,-111.93989 33.41363)",
,448,57,246,,,157.48204630851052,2,nan,-1.60934,1,,"LINESTRING (-111.93999 33.4162,-111.93997 33.41519,-111.93997 33.41511,-111.93997 33.41507,-111.93997 33.41487,-111.93997 33.41485,-111.93996 33.41478)",
,449,220,106,,,102.59154502060613,2,nan,56.3269,1,,"LINESTRING (-111.92155 33.41471,-111.92129 33.41471,-111.92125 33.41471,-111.92107 33.41471,-111.9207 33.41471,-111.92045 33.41471)",
,450,46,249,,,70.63363184286513,2,nan,-1.60934,1,,"LINESTRING (-111.93737 33.41465,-111.93709 33.41461,-111.93702 33.41461,-111.93687 33.4146,-111.93661 33.4146)",
,451,255,241,,,200.97268325682606,2,nan,56.3269,1,,"LINESTRING (-111.93496 33.41461,-111.93421 33.41463,-111.93381 33.41464,-111.93352 33.41465,-111.93296 33.41464,-111.93279 33.41465)",
,452,241,104,,,199.4553240885717,2,nan,56.3269,1,,"LINESTRING (-111.93279 33.41465,-111.93272 33.41465,-111.93144 33.41466,-111.93081 33.41466,-111.93065 33.41466)",
,453,202,245,,,100.43587957446387,2,nan,56.3269,1,,"LINESTRING (-111.92737 33.41469,-111.92696 33.4147,-111.92675 33.4147,-111.92649 33.41469,-111.92629 33.41469)",
,454,255,249,,,153.46796774533706,2,nan,56.3269,1,,"LINESTRING (-111.93496 33.41475,-111.93614 33.41473,-111.93661 33.41474)",
,455,241,255,,,201.19555545651485,2,nan,56.3269,1,,"LINESTRING (-111.9328 33.41476,-111.93422 33.41476,-111.93496 33.41475)",
,456,98,241,,,199.49787323040346,2,nan,56.3269,1,,"LINESTRING (-111.93065 33.41479,-111.93145 33.41478,-111.93222 33.41477,-111.93271 33.41477,-111.9328 33.41476)",
,457,188,98,,,139.7143852157984,2,nan,56.3269,1,,"LINESTRING (-111.92915 33.4148,-111.93001 33.41479,-111.93065 33.41479)",
,458,197,245,,,144.96637297565331,2,nan,56.3269,1,,"LINESTRING (-111.92473 33.41482,-111.92555 33.41484,-111.92588 33.41484,-111.92609 33.41485,-111.92611 33.41485,-111.92629 33.41484)",
,459,95,45,,,73.16979075614587,3,nan,48.2802,1,,"LINESTRING (-111.94003 33.41746,-111.94003 33.41743,-111.93997 33.4168)",
,460,136,251,,,159.50084398091752,2,nan,56.3269,1,,"LINESTRING (-111.93985 33.41762,-111.93985 33.41844,-111.93985 33.41869,-111.93985 33.41874,-111.93985 33.41898,-111.93985 33.41906)",
,461,242,251,,,159.48339172962417,3,nan,48.2802,1,,"LINESTRING (-111.94005 33.42049,-111.94005 33.42042,-111.94003 33.41944,-111.94003 33.41914,-111.94003 33.41906)",
,462,251,242,,,158.90705172557705,2,nan,48.2802,1,,"LINESTRING (-111.93985 33.41906,-111.93986 33.41914,-111.93986 33.41934,-111.93987 33.41955,-111.93987 33.41957,-111.93987 33.41978,-111.93987 33.42002,-111.93988 33.42024,-111.93988 33.4204,-111.93988 33.42049)",
,463,242,243,,,155.78993540116963,2,nan,48.2802,1,,"LINESTRING (-111.93988 33.42049,-111.93989 33.42058,-111.93989 33.42096,-111.93989 33.42117,-111.9399 33.42129,-111.93988 33.42148,-111.93991 33.42178,-111.93989 33.42189)",
,464,252,243,,,140.44061135566272,2,nan,48.2802,1,,"LINESTRING (-111.94007 33.4232,-111.94007 33.42253,-111.94008 33.42207,-111.94008 33.42193)",
,465,254,252,,,127.2982832309713,2,nan,48.2802,1,,"LINESTRING (-111.94008 33.42434,-111.94006 33.42345,-111.94007 33.4232)",
,466,252,254,,,128.19487088838244,2,nan,48.2802,1,,"LINESTRING (-111.93997 33.42319,-111.93996 33.4239,-111.93996 33.42401,-111.93995 33.42434)",
,467,253,254,,,127.33156945950086,2,nan,48.2802,1,,"LINESTRING (-111.94008 33.42549,-111.94008 33.42469,-111.94008 33.42434)",
,468,254,253,,,127.18974089475697,2,nan,48.2802,1,,"LINESTRING (-111.93995 33.42434,-111.93996 33.42513,-111.93996 33.42549)",
,469,240,253,,,107.56401688902972,2,nan,48.2802,1,,"LINESTRING (-111.94008 33.42646,-111.94008 33.42604,-111.94008 33.42549)",
,470,243,252,,,134.0123972118367,2,nan,48.2802,1,,"LINESTRING (-111.9399 33.42198,-111.93991 33.42207,-111.93991 33.42241,-111.93996 33.42299,-111.93997 33.42319)",
,471,253,240,,,108.00780129910517,2,nan,48.2802,1,,"LINESTRING (-111.93996 33.42549,-111.93996 33.42634,-111.93996 33.42647)",
,472,240,250,,,101.8764808466244,2,nan,48.2802,1,,"LINESTRING (-111.93996 33.42647,-111.93996 33.42704,-111.93996 33.42728,-111.93996 33.42739)",
,473,29,14,,,104.9227849965836,2,nan,56.3269,1,,"LINESTRING (-111.94239 33.42188,-111.94229 33.42188,-111.94177 33.42188,-111.94175 33.42188,-111.94126 33.42188)",
,474,14,29,,,105.02045996019713,2,nan,56.3269,1,,"LINESTRING (-111.94126 33.42198,-111.94175 33.42198,-111.94177 33.42198,-111.94229 33.42198,-111.94239 33.42198)",
,475,14,243,,,109.39147855634282,2,nan,56.3269,1,,"LINESTRING (-111.94126 33.42188,-111.94075 33.42188,-111.9407 33.42189,-111.94057 33.42189,-111.94017 33.42189,-111.94008 33.42188)",
,476,243,14,,,110.1484052889304,2,nan,56.3269,1,,"LINESTRING (-111.94008 33.42198,-111.94017 33.42198,-111.94057 33.42198,-111.9407 33.42198,-111.94075 33.42198,-111.94126 33.42198)",
,477,256,243,,,162.83281776231735,2,nan,56.3269,1,,"LINESTRING (-111.93815 33.42199,-111.93825 33.42199,-111.9389 33.42198,-111.93893 33.42198,-111.93902 33.42198,-111.93933 33.42198,-111.93939 33.42198,-111.93986 33.42198,-111.9399 33.42198)",
,478,65,204,,,169.46845936592422,2,nan,56.3269,1,,"LINESTRING (-111.92894 33.42207,-111.92907 33.42207,-111.9296 33.42206,-111.93019 33.42206,-111.93054 33.42205,-111.93076 33.42205)",
,479,204,65,,,169.34573556829545,2,nan,56.3269,1,,"LINESTRING (-111.93076 33.42196,-111.93054 33.42196,-111.93019 33.42196,-111.9296 33.42197,-111.92907 33.42197,-111.92894 33.42197)",
,480,65,225,,,137.8570220499096,2,nan,56.3269,1,,"LINESTRING (-111.92894 33.42197,-111.92879 33.42197,-111.9286 33.42197,-111.92835 33.42197,-111.92829 33.42197,-111.92754 33.42197,-111.92746 33.42197)",
,481,225,65,,,137.83727811919186,3,nan,56.3269,1,,"LINESTRING (-111.92746 33.42208,-111.92754 33.42208,-111.92829 33.42208,-111.92835 33.42208,-111.9286 33.42208,-111.92879 33.42208,-111.92894 33.42208)",
,482,247,225,,,97.66327776086348,2,nan,56.3269,1,,"LINESTRING (-111.92641 33.42207,-111.92645 33.42207,-111.9265 33.42207,-111.92686 33.42207,-111.92708 33.42207,-111.92718 33.42206,-111.92739 33.42206,-111.92744 33.42206,-111.92746 33.42206)",
,483,225,247,,,97.84418780070195,3,nan,56.3269,1,,"LINESTRING (-111.92746 33.42195,-111.92744 33.42195,-111.92739 33.42195,-111.92718 33.42195,-111.92707 33.42196,-111.92686 33.42196,-111.9265 33.42196,-111.92645 33.42196,-111.92641 33.42196)",
,484,247,216,,,310.99666300107054,2,nan,64.3736,1,,"LINESTRING (-111.92624 33.42198,-111.92618 33.42198,-111.92612 33.42198,-111.92578 33.42198,-111.92561 33.42198,-111.92541 33.42198,-111.92537 33.42198,-111.92488 33.42198,-111.9246 33.42198,-111.92457 33.42198,-111.92414 33.42198,-111.92409 33.42198,-111.92384 33.42198,-111.92322 33.42198,-111.9229 33.42198)",
,485,216,247,,,311.27024479627346,2,nan,64.3736,1,,"LINESTRING (-111.9229 33.42207,-111.92322 33.42207,-111.92384 33.42207,-111.92409 33.42208,-111.92414 33.42208,-111.92457 33.42208,-111.9246 33.42208,-111.92488 33.42208,-111.92537 33.42208,-111.92541 33.42208,-111.92561 33.42208,-111.92578 33.42208,-111.92612 33.42208,-111.92618 33.42208,-111.92624 33.42208)",
,486,33,245,,,222.4419974996668,3,nan,-1.60934,1,,"LINESTRING (-111.92638 33.41685,-111.92639 33.41674,-111.92638 33.41654,-111.92638 33.41637,-111.92638 33.41623,-111.92638 33.41603,-111.92638 33.41599,-111.92637 33.41556,-111.92637 33.4155,-111.92637 33.41544,-111.92637 33.41531,-111.92636 33.41522,-111.92636 33.41494,-111.92636 33.41484)",
,487,245,33,,,222.29798836493896,3,nan,-1.60934,1,,"LINESTRING (-111.92621 33.41484,-111.92621 33.41493,-111.92621 33.41522,-111.92622 33.41532,-111.92622 33.41544,-111.92622 33.4155,-111.92622 33.41556,-111.92623 33.41599,-111.92623 33.41603,-111.92623 33.41623,-111.92623 33.41637,-111.92623 33.41654,-111.92624 33.41674,-111.92623 33.41685)",
,488,34,33,,,253.475717043172,3,nan,56.3269,1,,"LINESTRING (-111.92637 33.41914,-111.92637 33.41903,-111.92637 33.41858,-111.92637 33.41842,-111.92637 33.41803,-111.92637 33.41798,-111.92637 33.41789,-111.92637 33.41778,-111.92637 33.41775,-111.92638 33.41754,-111.92638 33.41738,-111.92638 33.41713,-111.92638 33.41694,-111.92638 33.41693,-111.92638 33.41685)",
,489,33,34,,,254.13294325085553,3,nan,56.3269,1,,"LINESTRING (-111.92623 33.41684,-111.92623 33.41693,-111.92623 33.41694,-111.92623 33.41713,-111.92623 33.41738,-111.92622 33.41754,-111.92622 33.41775,-111.92622 33.41778,-111.92622 33.41789,-111.92622 33.41798,-111.92622 33.41803,-111.92622 33.41842,-111.92622 33.41858,-111.92622 33.41903,-111.92622 33.41914)",
,490,111,34,,,105.64746824612119,3,nan,56.3269,1,,"LINESTRING (-111.92636 33.42009,-111.92636 33.41955,-111.92636 33.41928,-111.92636 33.41927,-111.92637 33.41914)",
,491,34,111,,,105.62706156610571,3,nan,56.3269,1,,"LINESTRING (-111.92622 33.41914,-111.92621 33.41927,-111.92621 33.41928,-111.92621 33.41955,-111.92621 33.42009)",
,492,247,130,,,187.22754739383674,3,nan,56.3269,1,,"LINESTRING (-111.92641 33.42203,-111.92641 33.42202,-111.92641 33.42187,-111.9264 33.42158,-111.9264 33.42134,-111.92639 33.42089,-111.92639 33.42073,-111.92639 33.4206,-111.92629 33.42035)",
,493,130,247,,,186.37263662892005,3,nan,56.3269,1,,"LINESTRING (-111.92629 33.42035,-111.92623 33.42059,-111.92624 33.42098,-111.92624 33.42107,-111.92624 33.42136,-111.92624 33.42143,-111.92624 33.42162,-111.92624 33.42188,-111.92624 33.42203)",
,494,150,247,,,205.76812589713802,3,nan,56.3269,1,,"LINESTRING (-111.92639 33.42388,-111.9264 33.423,-111.9264 33.42275,-111.92641 33.42215,-111.92641 33.42203)",
,495,113,244,,,76.25513382183709,3,nan,56.3269,1,,"LINESTRING (-111.92623 33.42381,-111.92622 33.4242,-111.92622 33.42442,-111.92622 33.4245)",
,496,200,244,,,333.38127210057996,3,nan,56.3269,1,,"LINESTRING (-111.92637 33.42751,-111.92638 33.42501,-111.92638 33.42459,-111.92638 33.4245)",
,497,32,232,,,302.4869243666033,3,nan,56.3269,1,,"LINESTRING (-111.92637 33.41288,-111.92637 33.41279,-111.92637 33.41278,-111.92637 33.4125,-111.92637 33.41246,-111.92637 33.4123,-111.92637 33.41118,-111.92637 33.41109,-111.92637 33.41095,-111.92637 33.4108,-111.92636 33.41051,-111.92636 33.4102,-111.92636 33.41015)",
,498,232,32,,,302.6215183681043,3,nan,56.3269,1,,"LINESTRING (-111.92621 33.41015,-111.92621 33.41021,-111.92621 33.41051,-111.92622 33.4108,-111.92622 33.41095,-111.92622 33.41109,-111.92622 33.41118,-111.92622 33.4123,-111.92622 33.41246,-111.92622 33.4125,-111.92622 33.41278,-111.92622 33.41279,-111.92622 33.41288)",
,499,32,245,,,200.61153837202164,3,nan,56.3269,1,,"LINESTRING (-111.92622 33.41288,-111.92622 33.41295,-111.92622 33.41313,-111.92622 33.41327,-111.92622 33.41346,-111.92622 33.41371,-111.92622 33.41375,-111.92622 33.41384,-111.92622 33.41409,-111.92622 33.41412,-111.92622 33.41429,-111.92622 33.41461,-111.92622 33.41469)",
,500,245,32,,,200.97829599029606,3,nan,56.3269,1,,"LINESTRING (-111.92637 33.41469,-111.92637 33.41461,-111.92637 33.41429,-111.92637 33.41412,-111.92637 33.41409,-111.92637 33.41384,-111.92637 33.41375,-111.92637 33.41371,-111.92637 33.41346,-111.92637 33.41327,-111.92637 33.41313,-111.92637 33.41295,-111.92637 33.41288)",
,501,242,170,,,163.89441858776914,1,nan,40.2335,1,,"LINESTRING (-111.93988 33.42046,-111.93972 33.42046,-111.93893 33.42048,-111.93876 33.42048,-111.93857 33.42048,-111.93844 33.42049,-111.93837 33.42049,-111.93825 33.42049,-111.93812 33.42049)",
,502,170,242,,,163.95925935422198,1,nan,40.2335,1,,"LINESTRING (-111.93812 33.42055,-111.93825 33.42055,-111.93837 33.42055,-111.93844 33.42055,-111.93857 33.42055,-111.93876 33.42054,-111.93893 33.42054,-111.93972 33.42053,-111.93988 33.42052)",
,503,190,89,,,321.79103199646295,1,nan,-1.60934,1,,"LINESTRING (-111.93139 33.41744,-111.93199 33.41739,-111.93214 33.4174,-111.93241 33.41741,-111.93269 33.4174,-111.93346 33.41739,-111.93369 33.41738,-111.93372 33.4174,-111.93373 33.41741,-111.93377 33.41746,-111.93379 33.41822,-111.93379 33.41824,-111.93379 33.41827,-111.93379 33.41833)",
,504,89,190,,,333.729221804271,1,nan,-1.60934,1,,"LINESTRING (-111.93387 33.41833,-111.93387 33.41826,-111.93387 33.41824,-111.93386 33.41822,-111.93385 33.41743,-111.93378 33.41737,-111.93377 33.41735,-111.93372 33.41732,-111.93346 33.41732,-111.93269 33.41734,-111.93241 33.41735,-111.93214 33.41734,-111.93199 33.41733,-111.93139 33.41738)",
,505,190,50,,,262.0701499383439,1,nan,-1.60934,1,,"LINESTRING (-111.93139 33.41738,-111.93033 33.4174,-111.93024 33.4174,-111.93021 33.41738,-111.9302 33.41736,-111.93016 33.41669,-111.93011 33.41663,-111.93002 33.4166,-111.92959 33.4166,-111.92954 33.41661,-111.9294 33.41661)",
,506,50,190,,,261.7992108047182,1,nan,-1.60934,1,,"LINESTRING (-111.92941 33.41668,-111.92954 33.41667,-111.9296 33.41667,-111.93001 33.41667,-111.93006 33.41668,-111.93009 33.41671,-111.93012 33.41737,-111.93014 33.41742,-111.93021 33.41746,-111.93033 33.41746,-111.93139 33.41744)",
,507,31,30,,,246.79609474236938,1,nan,48.2802,1,,"LINESTRING (-111.9428 33.42758,-111.94289 33.42748,-111.94307 33.42729,-111.94311 33.42722,-111.94317 33.42713,-111.94322 33.42705,-111.94325 33.427,-111.94331 33.42687,-111.94336 33.42669,-111.94338 33.42657,-111.94339 33.42651,-111.9434 33.42636,-111.9434 33.4263,-111.94339 33.42603,-111.94339 33.42559,-111.94338 33.42548)",
,508,30,31,,,242.2055612983257,1,nan,48.2802,1,,"LINESTRING (-111.94331 33.42548,-111.94331 33.42559,-111.94331 33.42603,-111.94332 33.4263,-111.94333 33.42636,-111.94332 33.4265,-111.94331 33.42656,-111.94329 33.42668,-111.94324 33.42685,-111.94318 33.42698,-111.94315 33.42702,-111.94311 33.4271,-111.94305 33.42719,-111.94301 33.42725,-111.94283 33.42745,-111.94274 33.42754)",
,509,195,166,,,232.55912671437625,2,nan,56.3269,1,,"LINESTRING (-111.92458 33.41472,-111.92377 33.41472,-111.92349 33.41472,-111.923 33.41472,-111.92281 33.41472,-111.9225 33.41471,-111.92208 33.41471)",
,510,206,29,,,274.84275681932365,1,nan,48.2802,1,,"LINESTRING (-111.94326 33.42425,-111.94323 33.42415,-111.94313 33.42398,-111.94299 33.42379,-111.94295 33.42374,-111.9428 33.42354,-111.94272 33.42343,-111.94264 33.4233,-111.94259 33.42321,-111.94254 33.42309,-111.94253 33.42305,-111.9425 33.42297,-111.94247 33.42283,-111.94244 33.42267,-111.94244 33.42253,-111.94244 33.42248,-111.94243 33.42205,-111.94243 33.42193)",
,511,29,206,,,277.1631187546824,1,nan,48.2802,1,,"LINESTRING (-111.94235 33.42193,-111.94235 33.42205,-111.94236 33.42248,-111.94236 33.42253,-111.94237 33.42267,-111.94239 33.42284,-111.94243 33.42298,-111.94246 33.42306,-111.94247 33.42311,-111.94252 33.42323,-111.94257 33.42333,-111.94265 33.42346,-111.94273 33.42357,-111.94289 33.42378,-111.94293 33.42383,-111.94306 33.42401,-111.94316 33.42417,-111.94319 33.42426)",
,512,206,30,,,136.24986714847662,1,nan,48.2802,1,,"LINESTRING (-111.94319 33.42426,-111.94322 33.42434,-111.94327 33.42451,-111.9433 33.42463,-111.94331 33.4248,-111.94331 33.42494,-111.94331 33.42538,-111.94331 33.42548)",
,513,30,206,,,138.43279336304988,1,nan,48.2802,1,,"LINESTRING (-111.94338 33.42548,-111.94338 33.42538,-111.94339 33.42495,-111.94339 33.42479,-111.94338 33.42463,-111.94335 33.4245,-111.94329 33.42432,-111.94326 33.42425)",
,514,255,73,,,118.33652500651169,3,nan,40.2335,1,,"LINESTRING (-111.93496 33.41461,-111.93495 33.41431,-111.93495 33.41431,-111.93495 33.41417,-111.93494 33.41405,-111.93493 33.41355)",
,515,205,255,,,149.15357636855626,1,nan,-1.60934,1,,"LINESTRING (-111.93495 33.4161,-111.93495 33.41606,-111.93495 33.41605,-111.93495 33.41605,-111.93495 33.41589,-111.93495 33.41568,-111.93495 33.41551,-111.93495 33.41507,-111.93496 33.41482,-111.93496 33.41475)",
,516,107,96,,,279.99724831511026,1,nan,40.2335,1,,"LINESTRING (-111.92253 33.41675,-111.92245 33.41668,-111.92204 33.41631,-111.92152 33.41585,-111.92112 33.41549,-111.92068 33.41508,-111.92061 33.415,-111.92059 33.41497,-111.92055 33.41487)",
,517,109,145,,,420.31131903932186,1,nan,40.2335,1,,"LINESTRING (-111.92318 33.41753,-111.92348 33.4178,-111.92378 33.41806,-111.92385 33.41813,-111.92389 33.41817,-111.92476 33.41894,-111.92502 33.41918,-111.92503 33.41918,-111.92508 33.41923,-111.92528 33.41941,-111.92547 33.41959,-111.92554 33.41965,-111.92569 33.41978,-111.92599 33.42004,-111.92614 33.42018,-111.92629 33.42028)",
,518,98,50,,,243.16279153173883,1,nan,40.2335,1,,"LINESTRING (-111.93065 33.41479,-111.93061 33.41488,-111.93059 33.4152,-111.93057 33.41526,-111.93048 33.4155,-111.93032 33.41572,-111.93027 33.41577,-111.93014 33.41589,-111.93012 33.41591,-111.92947 33.41656,-111.9294 33.41664)",
,519,50,207,,,216.0232705588942,1,nan,40.2335,1,,"LINESTRING (-111.92938 33.41662,-111.92922 33.41677,-111.92899 33.41706,-111.92886 33.41736,-111.92879 33.41764,-111.9288 33.41782,-111.92881 33.41805,-111.92882 33.41835,-111.92882 33.41836,-111.92882 33.41844)",
,520,207,50,,,210.6327458646176,1,nan,40.2335,1,,"LINESTRING (-111.92889 33.41844,-111.92889 33.41836,-111.92889 33.41835,-111.92888 33.41804,-111.92887 33.41782,-111.92887 33.41764,-111.92893 33.41738,-111.92906 33.41709,-111.92928 33.4168,-111.92943 33.41667)",
,521,70,207,,,203.27347155782724,1,nan,40.2335,1,,"LINESTRING (-111.92896 33.42027,-111.92895 33.42016,-111.92894 33.42005,-111.92894 33.41998,-111.92892 33.41971,-111.92892 33.41967,-111.92892 33.41959,-111.92891 33.41951,-111.92891 33.4194,-111.9289 33.4193,-111.9289 33.41921,-111.9289 33.41906,-111.92889 33.41853,-111.92889 33.41853,-111.92889 33.41844)",
,522,207,70,,,203.52842972600143,1,nan,40.2335,1,,"LINESTRING (-111.92882 33.41844,-111.92882 33.41853,-111.92882 33.41853,-111.92882 33.41906,-111.92883 33.41921,-111.92883 33.4193,-111.92883 33.4194,-111.92884 33.41952,-111.92884 33.41959,-111.92885 33.41967,-111.92885 33.41971,-111.92886 33.41998,-111.92887 33.42005,-111.92888 33.42017,-111.92888 33.42027)",
,523,9,65,,,193.52511164433113,1,nan,48.2802,1,,"LINESTRING (-111.93043 33.4231,-111.93032 33.42308,-111.93012 33.42303,-111.92993 33.42295,-111.92956 33.42274,-111.92953 33.42272,-111.92934 33.4226,-111.92927 33.42255,-111.92918 33.42249,-111.92916 33.42248,-111.92914 33.42246,-111.92908 33.42238,-111.92908 33.42238,-111.92903 33.4223,-111.92899 33.42216,-111.92899 33.42215,-111.92898 33.42202)",
,524,65,9,,,203.09013928038286,1,nan,48.2802,1,,"LINESTRING (-111.9289 33.42202,-111.92891 33.42216,-111.92892 33.42218,-111.92896 33.42233,-111.92901 33.42241,-111.92901 33.42242,-111.92908 33.42249,-111.92911 33.42252,-111.92913 33.42254,-111.92922 33.4226,-111.9293 33.42265,-111.92949 33.42277,-111.92952 33.42279,-111.92989 33.42301,-111.9301 33.42309,-111.9303 33.42314,-111.93042 33.42316)",
,525,9,67,,,504.61357137929775,1,nan,48.2802,1,,"LINESTRING (-111.93043 33.42313,-111.93052 33.4232,-111.93061 33.42326,-111.93074 33.42331,-111.93094 33.42338,-111.93113 33.42346,-111.93129 33.42354,-111.93142 33.42363,-111.93199 33.42411,-111.93209 33.42419,-111.93249 33.42451,-111.93273 33.42467,-111.93295 33.4248,-111.93324 33.42493,-111.93346 33.42501,-111.9336 33.42505,-111.93387 33.42517,-111.93394 33.4252,-111.93425 33.42533,-111.93438 33.42539,-111.93453 33.42544,-111.93462 33.42546,-111.93471 33.42548,-111.9348 33.4255,-111.93486 33.42548,-111.93493 33.42544)",
,526,213,68,,,346.1327178721636,1,nan,-1.60934,1,,"LINESTRING (-111.93384 33.40928,-111.93331 33.40928,-111.93322 33.40929,-111.93293 33.40929,-111.93273 33.40929,-111.93166 33.4093,-111.93114 33.4093,-111.93071 33.4093,-111.93062 33.4093,-111.93059 33.40931,-111.93011 33.40931)",
,527,68,213,,,346.1324798197991,1,nan,-1.60934,1,,"LINESTRING (-111.93012 33.40937,-111.93059 33.40937,-111.93062 33.40937,-111.93071 33.40937,-111.93114 33.40936,-111.93166 33.40936,-111.93273 33.40935,-111.93293 33.40935,-111.93322 33.40935,-111.93331 33.40935,-111.93384 33.40934)",
,528,2,29,,,176.52760527807428,2,nan,64.3736,1,,"LINESTRING (-111.94427 33.42189,-111.94392 33.4219,-111.94374 33.42185,-111.94357 33.42185,-111.94345 33.42186,-111.9434 33.42186,-111.94317 33.42188,-111.94304 33.42193,-111.94287 33.42193,-111.9425 33.42193,-111.94239 33.42193)",
,529,29,2,,,176.00067537552033,2,nan,64.3736,1,,"LINESTRING (-111.94239 33.42193,-111.9425 33.42193,-111.94287 33.42193,-111.94304 33.42193,-111.94317 33.42197,-111.9434 33.42196,-111.94352 33.42195,-111.94357 33.42194,-111.94372 33.42194,-111.94392 33.4219,-111.94427 33.42189)",
,530,221,222,,,177.7025238771084,1,nan,-1.60934,1,,"LINESTRING (-111.92152 33.41407,-111.92105 33.41407,-111.92106 33.41408,-111.92104 33.41404,-111.92105 33.41364,-111.92111 33.41352,-111.92112 33.41339,-111.92112 33.41288)",
,531,222,221,,,188.40316507799437,1,nan,-1.60934,1,,"LINESTRING (-111.92105 33.41288,-111.92105 33.41339,-111.92104 33.4135,-111.92098 33.41362,-111.92097 33.41405,-111.921 33.41412,-111.92104 33.41414,-111.92152 33.41413)",
,532,230,229,,,49.11166337822151,3,nan,56.3269,1,,"LINESTRING (-111.92636 33.40993,-111.92636 33.40985,-111.92635 33.40949)",
,533,229,230,,,49.18468394205382,3,nan,56.3269,1,,"LINESTRING (-111.9262 33.40949,-111.9262 33.40985,-111.92621 33.40993)",
,534,223,117,,,209.43081033293885,1,nan,-1.60934,1,,"LINESTRING (-111.92579 33.4101,-111.92557 33.4101,-111.92535 33.4101,-111.92505 33.4101,-111.92461 33.41011,-111.92436 33.41011,-111.92432 33.41011,-111.92354 33.41012)",
,535,117,223,,,209.3734862735213,1,nan,-1.60934,1,,"LINESTRING (-111.92354 33.41018,-111.92432 33.41017,-111.92436 33.41017,-111.92461 33.41017,-111.92505 33.41016,-111.92535 33.41016,-111.92557 33.41016,-111.92579 33.41016)",
,536,59,181,,,100.74143865149598,5,nan,56.3269,1,,"LINESTRING (-111.93989 33.4135,-111.93988 33.41307,-111.93988 33.41266,-111.93988 33.41259)",
,537,70,65,,,193.974826756091,1,nan,40.2335,1,,"LINESTRING (-111.92888 33.42027,-111.92889 33.42035,-111.92891 33.42048,-111.92892 33.42065,-111.92892 33.42068,-111.92892 33.42087,-111.92892 33.42088,-111.92892 33.42106,-111.92891 33.4212,-111.92891 33.42123,-111.9289 33.42153,-111.9289 33.42159,-111.9289 33.4219,-111.9289 33.42192,-111.9289 33.42202)",
,538,65,70,,,194.26140396917367,1,nan,40.2335,1,,"LINESTRING (-111.92898 33.42202,-111.92897 33.42192,-111.92897 33.4219,-111.92897 33.42159,-111.92897 33.42153,-111.92899 33.42123,-111.92899 33.4212,-111.929 33.42106,-111.929 33.42088,-111.929 33.42087,-111.92899 33.42068,-111.92899 33.42064,-111.92898 33.42048,-111.92897 33.42034,-111.92896 33.42027)",
,539,66,67,,,162.06985097590007,1,nan,-1.60934,1,,"LINESTRING (-111.93667 33.42547,-111.93658 33.42547,-111.93649 33.42547,-111.93636 33.42547,-111.93632 33.42547,-111.93616 33.42547,-111.9361 33.42547,-111.9359 33.42548,-111.93584 33.42548,-111.9357 33.42548,-111.93535 33.42548,-111.93516 33.42546,-111.93508 33.42545,-111.93494 33.42541)",
,540,67,66,,,164.42509785316668,1,nan,-1.60934,1,,"LINESTRING (-111.93492 33.42547,-111.93506 33.42551,-111.93514 33.42553,-111.93535 33.42555,-111.9357 33.42554,-111.93584 33.42554,-111.9359 33.42554,-111.9361 33.42554,-111.93616 33.42554,-111.93632 33.42554,-111.93636 33.42553,-111.93649 33.42553,-111.93658 33.42553,-111.93667 33.42553)",
,541,227,226,,,194.71090404936305,1,nan,-1.60934,1,,"LINESTRING (-111.92786 33.42334,-111.92817 33.42344,-111.92884 33.42361,-111.92929 33.42375,-111.92943 33.42383,-111.9296 33.42406,-111.92966 33.42412)",
,542,226,227,,,198.66632105513938,1,nan,-1.60934,1,,"LINESTRING (-111.92972 33.42408,-111.92966 33.42402,-111.92949 33.42378,-111.92932 33.42369,-111.92886 33.42355,-111.9282 33.42338,-111.92789 33.42328)",
,543,234,28,,,6.390730833770234,1,nan,-1.60934,1,,"LINESTRING (-111.94233 33.42047,-111.94233 33.42048,-111.94233 33.42049,-111.94234 33.4205,-111.94236 33.42051,-111.94237 33.42051)",
,544,236,238,,,6.551988045714755,1,nan,-1.60934,1,,"LINESTRING (-111.94119 33.42048,-111.94119 33.42049,-111.94119 33.4205,-111.9412 33.42051,-111.94121 33.42052,-111.94123 33.42052)",
